,Rnd,Pick,Tm_x,Player,Pos,Age,To,AP1,PB,St,wAV,DrAV,G,Cmp,Att,Yds,TD,Int,Att.1,Yds.1,TD.1,Rec,Yds.2,TD.2,Solo,Int.1,Sk,College/Univ,Unnamed: 28,Round_x,Value,Tm_y,Year,Multiplier,AdjustedValue,AvgValue,AVoverAvg,Return_x,IPO Date,Symbol,Company Name,IPO Price,Current,Return_y,Industry,Sector,Country,Round_y,IPOMultiplier,AdjustedValueIPO,AvgValueIPO,AVoverAvgIPO
0,1,1,JAX,Trevor Lawrence\LawrTr00,QB,21.0,2021.0,0,0,1,7.0,7.0,17.0,359.0,602.0,3641.0,12.0,17.0,73.0,334.0,2.0,0.0,0.0,0.0,2.0,,,Clemson,College Stats,1,3000.0,Jacksonville Jaguars,2022.0,1.0,7.0,6.33,0.6699999999999999,0.10584518167456555,"Apr 14, 2021",COIN,"Coinbase Global, Inc.",250.0,132.48,-0.47,Software-Application,Technology,United States,1,1.0,7.0,6.33,0.6699999999999999
1,1,2,NYJ,Zach Wilson\WilsZa00,QB,22.0,2021.0,0,0,1,5.0,5.0,13.0,213.0,383.0,2334.0,9.0,11.0,29.0,185.0,4.0,0.0,0.0,0.0,,,,BYU,College Stats,1,2600.0,Detroit Lions,2022.0,0.8666666666666667,4.333333333333334,5.486000000000001,-0.48600000000000065,-0.08858913598250102,"Jun 10, 2021",MNDY,monday.com Ltd.,155.0,133.78,-0.13699999999999998,Software-Application,Technology,United States,1,0.62,3.1,3.9246,1.0754000000000001
3,1,4,ATL,Kyle Pitts\PittKy00,TE,20.0,2021.0,0,1,1,8.0,8.0,17.0,0.0,0.0,0.0,0.0,0.0,0.0,0.0,0.0,68.0,1026.0,1.0,3.0,,,Florida,College Stats,1,1800.0,New York Jets,2022.0,0.6,4.8,3.798,4.202,1.10637177461822,"Jul 28, 2021",DUOL,"Duolingo, Inc.",102.0,83.54,-0.18100000000000002,Software-Application,Technology,United States,1,0.408,3.264,2.58264,5.41736
4,1,5,CIN,Ja'Marr Chase\ChasJa00,WR,21.0,2021.0,0,1,1,13.0,13.0,17.0,0.0,0.0,0.0,0.0,0.0,7.0,21.0,0.0,81.0,1455.0,13.0,2.0,,,LSU,College Stats,1,1700.0,New York Giants,2022.0,0.5666666666666667,7.366666666666666,3.5869999999999997,9.413,2.6241984945637027,"Dec 9, 2021",HCP,"HashiCorp, Inc.",80.0,45.08,-0.436,Software-Infrastructure,Technology,United States,1,0.32,4.16,2.0256,10.9744
5,1,6,MIA,Jaylen Waddle\WaddJa00,WR,22.0,2021.0,0,0,1,7.0,7.0,16.0,0.0,0.0,0.0,0.0,0.0,2.0,3.0,1.0,104.0,1015.0,6.0,3.0,,,Alabama,College Stats,1,1600.0,Carolina Panthers,2022.0,0.5333333333333333,3.7333333333333334,3.376,3.624,1.0734597156398105,"Apr 15, 2021",APP,AppLovin Corporation,80.0,41.02,-0.48700000000000004,Software-Application,Technology,United States,1,0.32,2.24,2.0256,4.9744
6,1,7,DET,Penei Sewell\SewePe00,OL,20.0,2021.0,0,0,1,7.0,7.0,16.0,0.0,0.0,0.0,0.0,0.0,0.0,0.0,0.0,0.0,0.0,0.0,,,,Oregon,College Stats,1,1500.0,New York Giants,2022.0,0.5,3.5,3.165,3.835,1.2116903633491312,"Nov 10, 2021",RIVN,"Rivian Automotive, Inc.",78.0,33.05,-0.5760000000000001,Auto Manufacturers,Consumer Cyclical,United States,1,0.312,2.184,1.97496,5.02504
8,1,9,DEN,Patrick Surtain II\SurtPa01,DB,21.0,2021.0,0,0,1,7.0,7.0,16.0,0.0,0.0,0.0,0.0,0.0,0.0,0.0,0.0,0.0,0.0,0.0,45.0,4.0,,Alabama,College Stats,1,1350.0,Denver Broncos,2022.0,0.45,3.15,2.8485,4.1515,1.4574337370545902,"May 20, 2021",PCOR,"Procore Technologies, Inc.",67.0,50.29,-0.249,Software-Application,Technology,United States,1,0.268,1.8760000000000001,1.6964400000000002,5.30356
9,1,10,PHI,DeVonta Smith\SmitDe07,WR,22.0,2021.0,0,0,1,10.0,10.0,17.0,0.0,0.0,0.0,0.0,0.0,0.0,0.0,0.0,64.0,916.0,5.0,1.0,,,Alabama,College Stats,1,1300.0,New York Jets,2022.0,0.43333333333333335,4.333333333333334,2.7430000000000003,7.257,2.6456434560699957,"Nov 17, 2021",BRZE,"Braze, Inc.",65.0,40.77,-0.373,Software-Application,Technology,United States,1,0.26,2.6,1.6458000000000002,8.3542
10,1,11,CHI,Justin Fields\FielJu00,QB,22.0,2021.0,0,0,0,6.0,6.0,12.0,159.0,270.0,1870.0,7.0,10.0,72.0,420.0,2.0,0.0,0.0,0.0,,,,Ohio St.,College Stats,1,1250.0,Washington Commanders,2022.0,0.4166666666666667,2.5,2.6375,3.3625,1.2748815165876777,"Apr 21, 2021",PATH,"UiPath, Inc.",56.0,17.81,-0.682,Software-Infrastructure,Technology,United States,1,0.224,1.344,1.41792,4.5820799999999995
11,1,12,DAL,Micah Parsons\ParsMi00,LB,22.0,2021.0,1,1,1,18.0,18.0,16.0,0.0,0.0,0.0,0.0,0.0,0.0,0.0,0.0,0.0,0.0,0.0,64.0,,13.0,Penn St.,College Stats,1,1200.0,Minnesota Vikings,2022.0,0.4,7.2,2.532,15.468,6.109004739336493,"May 19, 2021",SQSP,"Squarespace, Inc.",50.0,20.66,-0.5870000000000001,Software-Infrastructure,Technology,United States,1,0.2,3.6,1.266,16.734
12,1,13,LAC,Rashawn Slater\SlatRa00,OL,22.0,2021.0,0,1,1,14.0,14.0,16.0,0.0,0.0,0.0,0.0,0.0,0.0,0.0,0.0,0.0,0.0,0.0,,,,Northwestern,College Stats,1,1150.0,Cleveland Browns,2022.0,0.38333333333333336,5.366666666666667,2.4265000000000003,11.5735,4.769627034823819,"Feb 3, 2021",ONTF,"ON24, Inc.",50.0,13.33,-0.733,Software-Application,Technology,United States,1,0.2,2.8000000000000003,1.266,12.734
13,1,14,NYJ,Alijah Vera-Tucker\VeraAl00,OL,22.0,2021.0,0,0,1,5.0,5.0,16.0,0.0,0.0,0.0,0.0,0.0,0.0,0.0,0.0,0.0,0.0,0.0,,,,USC,College Stats,1,1100.0,Baltimore Ravens,2022.0,0.36666666666666664,1.8333333333333333,2.3209999999999997,2.6790000000000003,1.154243860404998,"Jan 13, 2021",AFRM,"Affirm Holdings, Inc.",49.0,30.77,-0.37200000000000005,IT Services,Information Technology,United States,1,0.196,0.98,1.24068,3.7593199999999998
14,1,15,NWE,Mac Jones\JoneMa05,QB,23.0,2021.0,0,1,1,14.0,14.0,17.0,352.0,521.0,3801.0,22.0,13.0,44.0,129.0,0.0,0.0,0.0,0.0,1.0,,,Alabama,College Stats,1,1050.0,Philadelphia Eagles,2022.0,0.35,4.8999999999999995,2.2155,11.7845,5.3191153238546605,"Apr 1, 2021",KARO,Karooooo Ltd.,47.52,29.045,-0.389,Software-Application,Technology,United States,1,0.19008,2.66112,1.2032064,12.7967936
15,1,16,ARI,Zaven Collins\CollZa00,LB,22.0,2021.0,0,0,0,3.0,3.0,17.0,0.0,0.0,0.0,0.0,0.0,0.0,0.0,0.0,0.0,0.0,0.0,13.0,,,Tulsa,College Stats,1,1000.0,Philadelphia Eagles,2022.0,0.3333333333333333,1.0,2.11,0.8900000000000001,0.42180094786729866,"Mar 24, 2021",DOCN,"DigitalOcean Holdings, Inc.",47.0,43.045,-0.084,Software-Infrastructure,Technology,United States,1,0.188,0.5640000000000001,1.19004,1.80996
16,1,17,LVR,Alex Leatherwood\LeatAl00,OL,22.0,2021.0,0,0,1,8.0,8.0,17.0,0.0,0.0,0.0,0.0,0.0,0.0,0.0,0.0,0.0,0.0,0.0,,,,Alabama,College Stats,1,950.0,Los Angeles Chargers,2022.0,0.31666666666666665,2.533333333333333,2.0044999999999997,5.9955,2.991020204539786,"Oct 28, 2021",GFS,GlobalFoundries Inc.,47.0,50.46,0.07400000000000001,Semiconductors,Technology,United States,1,0.188,1.504,1.19004,6.80996
17,1,18,MIA,Jaelan Phillips\PhilJa02,DL,22.0,2021.0,0,0,0,5.0,5.0,17.0,0.0,0.0,0.0,0.0,0.0,0.0,0.0,0.0,0.0,0.0,0.0,23.0,,8.5,Miami (FL),College Stats,1,900.0,New Orleans Saints,2022.0,0.3,1.5,1.899,3.101,1.6329647182727751,"Mar 10, 2021",RBLX,Roblox Corporation,45.0,34.125,-0.242,Electronic Gaming & Multimedia,Communication Services,United States,1,0.18,0.8999999999999999,1.1394,3.8606
18,1,19,WAS,Jamin Davis\DaviJa11,LB,22.0,2021.0,0,0,0,4.0,4.0,16.0,0.0,0.0,0.0,0.0,0.0,0.0,0.0,0.0,0.0,0.0,0.0,48.0,,1.0,Kentucky,College Stats,1,875.0,Philadelphia Eagles,2022.0,0.2916666666666667,1.1666666666666667,1.8462500000000002,2.1537499999999996,1.1665538253215975,"Jun 30, 2021",XMTR,"Xometry, Inc.",44.0,36.645,-0.16699999999999998,Specialty Industrial Machinery,Industrials,United States,1,0.176,0.704,1.11408,2.88592
19,1,20,NYG,Kadarius Toney\ToneKa00,WR,22.0,2021.0,0,0,0,3.0,3.0,10.0,1.0,3.0,19.0,0.0,0.0,3.0,6.0,0.0,39.0,420.0,0.0,,,,Florida,College Stats,1,850.0,Pittsburgh Steelers,2022.0,0.2833333333333333,0.85,1.7934999999999999,1.2065000000000001,0.6727069974909397,"Sep 23, 2021",RELY,"Remitly Global, Inc.",43.0,9.83,-0.7709999999999999,Software-Infrastructure,Technology,United States,1,0.172,0.516,1.08876,1.91124
20,1,21,IND,Kwity Paye\PayeKw00,DL,22.0,2021.0,0,0,1,7.0,7.0,15.0,0.0,0.0,0.0,0.0,0.0,0.0,0.0,0.0,0.0,0.0,0.0,16.0,,4.0,Michigan,College Stats,1,800.0,New England Patriots,2022.0,0.26666666666666666,1.8666666666666667,1.688,5.312,3.146919431279621,"Feb 11, 2021",BMBL,"Bumble, Inc.",43.0,23.15,-0.462,Software-Application,Technology,United States,1,0.172,1.204,1.08876,5.91124
22,1,23,MIN,Christian Darrisaw\DarrCh00,OL,22.0,2021.0,0,0,0,5.0,5.0,12.0,0.0,0.0,0.0,0.0,0.0,0.0,0.0,0.0,0.0,0.0,0.0,,,,Virginia Tech,College Stats,1,760.0,Arizona Cardinals,2022.0,0.25333333333333335,1.2666666666666668,1.6036000000000001,3.3964,2.1179845347967072,"Sep 22, 2021",TOST,"Toast, Inc.",40.0,18.62,-0.534,Software-Infrastructure,Technology,United States,1,0.16,0.8,1.0128,3.9872
23,1,24,PIT,Najee Harris\HarrNa00,RB,23.0,2021.0,0,1,1,10.0,10.0,17.0,0.0,0.0,0.0,0.0,0.0,307.0,1200.0,7.0,74.0,467.0,3.0,2.0,,,Alabama,College Stats,1,740.0,Dallas Cowboys,2022.0,0.24666666666666667,2.466666666666667,1.5614000000000001,8.4386,5.40450877417702,"Apr 15, 2021",TSP,"TuSimple Holdings, Inc.",40.0,10.015,-0.75,Trucking,Industrials,United States,1,0.16,1.6,1.0128,8.9872
25,1,26,CLE,Greg Newsome II\NewsGr00,DB,21.0,2021.0,0,0,1,3.0,3.0,12.0,0.0,0.0,0.0,0.0,0.0,0.0,0.0,0.0,0.0,0.0,0.0,33.0,,,Northwestern,College Stats,1,700.0,Tennessee Titans,2022.0,0.23333333333333334,0.7,1.477,1.523,1.031144211238998,"Mar 3, 2021",OSCR,"Oscar Health, Inc.",39.0,7.685,-0.8029999999999999,Healthcare Plans,Health Care,United States,1,0.156,0.46799999999999997,0.98748,2.01252
26,1,27,BAL,Rashod Bateman\BateRa00,WR,21.0,2021.0,0,0,0,4.0,4.0,12.0,0.0,0.0,0.0,0.0,0.0,0.0,0.0,0.0,46.0,515.0,1.0,,,,Minnesota,College Stats,1,680.0,Tampa Bay Buccaneers,2022.0,0.22666666666666666,0.9066666666666666,1.4347999999999999,2.5652,1.7878449958182325,"Jul 29, 2021",HOOD,"Robinhood Markets, Inc.",38.0,10.24,-0.73,Software-Infrastructure,Technology,United States,1,0.152,0.608,0.96216,3.03784
27,1,28,NOR,Payton Turner\TurnPa02,DE,23.0,2021.0,0,0,0,1.0,1.0,5.0,0.0,0.0,0.0,0.0,0.0,0.0,0.0,0.0,0.0,0.0,0.0,9.0,,1.0,Houston,College Stats,1,660.0,Green Bay Packers,2022.0,0.22,0.22,1.3926,-0.39260000000000006,-0.28191871319833406,"Sep 22, 2021",FRSH,Freshworks Inc.,36.0,17.595,-0.511,Software,Information Technology,United States,1,0.144,0.144,0.9115199999999999,0.08848000000000011
28,1,29,GNB,Eric Stokes\StokEr00,DB,22.0,2021.0,0,0,1,4.0,4.0,16.0,0.0,0.0,0.0,0.0,0.0,0.0,0.0,0.0,0.0,0.0,0.0,43.0,1.0,,Georgia,College Stats,1,640.0,Miami Dolphins,2022.0,0.21333333333333335,0.8533333333333334,1.3504,2.6496,1.9620853080568719,"Jun 24, 2021",CFLT,"Confluent, Inc.",36.0,34.485,-0.042,Software-Infrastructure,Technology,United States,1,0.144,0.576,0.9115199999999999,3.08848
29,1,30,BUF,Gregory Rousseau\RousGr00,DL,21.0,2021.0,0,0,1,10.0,10.0,17.0,0.0,0.0,0.0,0.0,0.0,0.0,0.0,0.0,0.0,0.0,0.0,42.0,1.0,4.0,Miami (FL),College Stats,1,620.0,Kansas City Chiefs,2022.0,0.20666666666666667,2.0666666666666664,1.3082,8.6918,6.644091117566122,"Sep 28, 2021",AMPL,"Amplitude, Inc.",35.0,18.99,-0.457,Software-Application,Technology,United States,1,0.14,1.4000000000000001,0.8862000000000001,9.1138
30,1,31,BAL,Odafe Oweh\OwehJa00,DE,22.0,2021.0,0,0,0,3.0,3.0,15.0,0.0,0.0,0.0,0.0,0.0,0.0,0.0,0.0,0.0,0.0,0.0,23.0,,5.0,Penn St.,College Stats,1,600.0,Cincinnati Bengals,2022.0,0.2,0.6000000000000001,1.266,1.734,1.3696682464454977,"Jun 30, 2021",S,"SentinelOne, Inc.",35.0,32.69,-0.066,Software-Infrastructure,Technology,United States,1,0.14,0.42000000000000004,0.8862000000000001,2.1138
31,1,32,TAM,Joe Tryon-Shoyinka\TryoJo00,OLB,22.0,2021.0,0,0,0,4.0,4.0,17.0,0.0,0.0,0.0,0.0,0.0,0.0,0.0,0.0,0.0,0.0,0.0,21.0,,4.0,Washington,College Stats,1,590.0,Detroit Lions,2022.0,0.19666666666666666,0.7866666666666666,1.2449,2.7551,2.21310948670576,"Mar 11, 2021",CPNG,"Coupang, Inc.",35.0,14.03,-0.599,Internet Retail,Consumer Cyclical,United States,1,0.14,0.56,0.8862000000000001,3.1138
32,2,33,JAX,Tyson Campbell\CampTy01,DB,21.0,2021.0,0,0,1,5.0,5.0,15.0,0.0,0.0,0.0,0.0,0.0,0.0,0.0,0.0,0.0,0.0,0.0,49.0,2.0,,Georgia,College Stats,2,580.0,Jacksonville Jaguars,2022.0,0.19333333333333333,0.9666666666666667,1.2238,3.7762000000000002,3.085634907664651,"Mar 31, 2021",COUR,"Coursera, Inc.",33.0,20.97,-0.365,Education & Training Services,Consumer Defensive,United States,2,0.132,0.66,0.8355600000000001,4.16444
33,2,34,NYJ,Elijah Moore\MoorEl00,WR,21.0,2021.0,0,0,0,4.0,4.0,11.0,0.0,0.0,0.0,0.0,0.0,5.0,54.0,1.0,43.0,538.0,5.0,3.0,,,Mississippi,College Stats,2,560.0,Detroit Lions,2022.0,0.18666666666666668,0.7466666666666667,1.1816,2.8184,2.3852403520649967,"Jul 21, 2021",LAW,"CS Disco, Inc.",32.0,30.19,-0.057,Software-Application,Technology,United States,2,0.128,0.512,0.8102400000000001,3.1897599999999997
34,2,35,DEN,Javonte Williams\WillJa10,RB,21.0,2021.0,0,0,0,8.0,8.0,17.0,0.0,0.0,0.0,0.0,0.0,203.0,903.0,4.0,43.0,316.0,3.0,1.0,,,North Carolina,College Stats,2,550.0,New York Jets,2022.0,0.18333333333333332,1.4666666666666666,1.1604999999999999,6.8395,5.893580353295994,"Jun 30, 2021",YOU,"Clear Secure, Inc.",31.0,28.62,-0.077,Software-Application,Technology,United States,2,0.124,0.992,0.78492,7.21508
35,2,36,MIA,Jevon Holland\HollJe02,S,21.0,2021.0,0,0,1,6.0,6.0,16.0,0.0,0.0,0.0,0.0,0.0,0.0,0.0,0.0,0.0,0.0,0.0,48.0,2.0,2.5,Oregon,College Stats,2,540.0,New York Giants,2022.0,0.18,1.08,1.1394,4.8606,4.265929436545551,"Jun 16, 2021",WKME,WalkMe Ltd.,31.0,14.7,-0.526,Software-Application,Technology,United States,2,0.124,0.744,0.78492,5.21508
36,2,37,PHI,Landon Dickerson\DickLa00,OL,22.0,2021.0,0,0,1,6.0,6.0,14.0,0.0,0.0,0.0,0.0,0.0,0.0,0.0,0.0,0.0,0.0,0.0,,,,Alabama,College Stats,2,530.0,Houston Texans,2022.0,0.17666666666666667,1.06,1.1183,4.8817,4.365286595725655,"Apr 22, 2021",ZY,"Zymergen, Inc.",31.0,1.795,-0.9420000000000001,Chemicals,Basic Materials,United States,2,0.124,0.744,0.78492,5.21508
37,2,38,NWE,Christian Barmore\BarmCh00,DL,22.0,2021.0,0,0,0,3.0,3.0,17.0,0.0,0.0,0.0,0.0,0.0,0.0,0.0,0.0,0.0,0.0,0.0,23.0,,1.5,Alabama,College Stats,2,520.0,New York Jets,2022.0,0.17333333333333334,0.52,1.0972,1.9028,1.7342325920524975,"Jul 2, 2021",NYXH,Nyxoah SA,30.0,30.0,0.0,Medical Instruments & Supplies,Health Care,United States,2,0.12,0.36,0.7595999999999999,2.2404
38,2,39,CHI,Teven Jenkins\JenkTe00,OL,23.0,2021.0,0,0,0,1.0,1.0,6.0,0.0,0.0,0.0,0.0,0.0,0.0,0.0,0.0,0.0,0.0,0.0,,,,Oklahoma St.,College Stats,2,510.0,Chicago Bears,2022.0,0.17,0.17,1.0761,-0.07610000000000006,-0.07071833472725587,"Jan 28, 2021",XM,"Qualtrics International, Inc.",30.0,21.935,-0.26899999999999996,Software-Application,Technology,United States,2,0.12,0.12,0.7595999999999999,0.24040000000000006
39,2,40,ATL,Richie Grant\GranRi00,DB,23.0,2021.0,0,0,0,1.0,1.0,16.0,0.0,0.0,0.0,0.0,0.0,0.0,0.0,0.0,0.0,0.0,0.0,28.0,,,Central Florida,College Stats,2,500.0,Denver Broncos,2022.0,0.16666666666666666,0.16666666666666666,1.055,-0.05499999999999994,-0.05213270142180089,"Apr 14, 2021",ALKT,"Alkami Technology, Inc.",30.0,11.79,-0.607,Software-Application,Technology,United States,2,0.12,0.12,0.7595999999999999,0.24040000000000006
40,2,41,DET,Levi Onwuzurike\OnwuLe00,DL,23.0,2021.0,0,0,0,1.0,1.0,16.0,0.0,0.0,0.0,0.0,0.0,0.0,0.0,0.0,0.0,0.0,0.0,15.0,,1.0,Washington,College Stats,2,490.0,Seattle Seahawks,2022.0,0.16333333333333333,0.16333333333333333,1.0339,-0.03390000000000004,-0.032788470838572434,"Oct 27, 2021",INFA,Informatica Inc.,29.0,20.57,-0.29100000000000004,Software,Information Technology,United States,2,0.116,0.116,0.73428,0.26571999999999996
41,2,42,MIA,Liam Eichenberg\EichLi00,OL,23.0,2021.0,0,0,1,7.0,7.0,17.0,0.0,0.0,0.0,0.0,0.0,0.0,0.0,0.0,0.0,0.0,0.0,,,,Notre Dame,College Stats,2,480.0,Washington Commanders,2022.0,0.16,1.12,1.0128,5.9872,5.911532385466034,"Oct 29, 2021",UDMY,"Udemy, Inc.",29.0,10.88,-0.625,Education & Training Services,Consumer Defensive,United States,2,0.116,0.812,0.73428,6.26572
42,2,43,LVR,Trevon Moehrig\MoehTr00,S,22.0,2021.0,0,0,1,5.0,5.0,17.0,0.0,0.0,0.0,0.0,0.0,0.0,0.0,0.0,0.0,0.0,0.0,36.0,1.0,,TCU,College Stats,2,470.0,Atlanta Falcons,2022.0,0.15666666666666668,0.7833333333333334,0.9917,4.0083,4.041847332862761,"Nov 17, 2021",IREN,Iris Energy Limited,28.0,10.7,-0.618,Capital Markets,Financial Services,Australia,2,0.112,0.56,0.70896,4.29104
43,2,44,DAL,Kelvin Joseph\JoseKe02,DB,20.0,2021.0,0,0,0,1.0,1.0,10.0,0.0,0.0,0.0,0.0,0.0,0.0,0.0,0.0,0.0,0.0,0.0,13.0,,,Kentucky,College Stats,2,460.0,Cleveland Browns,2022.0,0.15333333333333332,0.15333333333333332,0.9705999999999999,0.029400000000000093,0.030290541932825155,"Oct 28, 2021",FLNC,"Fluence Energy, Inc.",28.0,9.345,-0.6659999999999999,Utilities-Renewable,Utilities,United States,2,0.112,0.112,0.70896,0.29103999999999997
44,2,45,JAX,Walker Little\LittWa00,T,22.0,2021.0,0,0,0,1.0,1.0,9.0,0.0,0.0,0.0,0.0,0.0,0.0,0.0,0.0,0.0,0.0,0.0,,,,Stanford,College Stats,2,450.0,Baltimore Ravens,2022.0,0.15,0.15,0.9495,0.05049999999999999,0.053185887309110044,"Jul 15, 2021",PECO,"Phillips Edison & Company, Inc.",28.0,35.21,0.258,REIT-Retail,Real Estate,United States,2,0.112,0.112,0.70896,0.29103999999999997
45,2,46,CIN,Jackson Carman\CarmJa00,T,21.0,2021.0,0,0,0,4.0,4.0,17.0,0.0,0.0,0.0,0.0,0.0,0.0,0.0,0.0,0.0,0.0,0.0,,,,Clemson,College Stats,2,440.0,Minnesota Vikings,2022.0,0.14666666666666667,0.5866666666666667,0.9284,3.0716,3.3084877208099956,"Nov 18, 2021",SG,"Sweetgreen, Inc.",28.0,28.02,0.001,Insurance,Financials,United States,2,0.112,0.448,0.70896,3.2910399999999997
46,2,47,LAC,Asante Samuel Jr.\SamuAs00,DB,21.0,2021.0,0,0,1,3.0,3.0,12.0,0.0,0.0,0.0,0.0,0.0,0.0,0.0,0.0,0.0,0.0,0.0,33.0,2.0,,Florida St.,College Stats,2,430.0,Indianapolis Colts,2022.0,0.14333333333333334,0.43000000000000005,0.9073000000000001,2.0927,2.306513832249531,"Jun 30, 2021",LZ,"LegalZoom.com, Inc.",28.0,14.49,-0.48200000000000004,Internet Content & Information,Communication Services,United States,2,0.112,0.336,0.70896,2.2910399999999997
47,2,48,SFO,Aaron Banks\BankAa00,OL,24.0,2021.0,0,0,0,1.0,1.0,9.0,0.0,0.0,0.0,0.0,0.0,0.0,0.0,0.0,0.0,0.0,0.0,,,,Notre Dame,College Stats,2,420.0,Los Angeles Chargers,2022.0,0.14,0.14,0.8862000000000001,0.1137999999999999,0.12841345068833207,"Jun 9, 2021",MQ,"Marqeta, Inc.",27.0,9.335,-0.654,Software-Infrastructure,Technology,United States,2,0.108,0.108,0.68364,0.31636
48,2,49,ARI,Rondale Moore\MoorRo02,WR,21.0,2021.0,0,0,0,5.0,5.0,14.0,0.0,0.0,0.0,0.0,0.0,18.0,76.0,0.0,54.0,435.0,1.0,1.0,,,Purdue,College Stats,2,410.0,New Orleans Saints,2022.0,0.13666666666666666,0.6833333333333333,0.8651,4.1349,4.779678649867067,"Jan 15, 2021",PLTK,Playtika Holding Corp.,27.0,17.57,-0.349,Electronic Gaming & Multimedia,Communication Services,United States,2,0.108,0.54,0.68364,4.3163599999999995
49,2,50,NYG,Azeez Ojulari\OjulAz00,OLB,21.0,2021.0,0,0,1,7.0,7.0,17.0,0.0,0.0,0.0,0.0,0.0,0.0,0.0,0.0,0.0,0.0,0.0,29.0,,8.0,Georgia,College Stats,2,400.0,Miami Dolphins,2022.0,0.13333333333333333,0.9333333333333333,0.844,6.156,7.293838862559242,"Apr 21, 2021",DV,"DoubleVerify Holdings, Inc.",27.0,22.03,-0.184,Software-Application,Technology,United States,2,0.108,0.756,0.68364,6.3163599999999995
50,2,51,WAS,Samuel Cosmi\CosmSa00,OL,22.0,2021.0,0,0,0,4.0,4.0,9.0,0.0,0.0,0.0,0.0,0.0,0.0,0.0,0.0,0.0,0.0,0.0,,,,Texas,College Stats,2,390.0,Philadelphia Eagles,2022.0,0.13,0.52,0.8229000000000001,3.1771,3.8608579414266613,"Nov 10, 2021",EXFY,"Expensify, Inc.",27.0,16.005,-0.40700000000000003,Software-Application,Technology,United States,2,0.108,0.432,0.68364,3.31636
51,2,52,CLE,Jeremiah Owusu-Koramoah\OwusJe00,LB,21.0,2021.0,0,0,0,4.0,4.0,14.0,0.0,0.0,0.0,0.0,0.0,0.0,0.0,0.0,0.0,0.0,0.0,49.0,,1.5,Notre Dame,College Stats,2,380.0,Pittsburgh Steelers,2022.0,0.12666666666666668,0.5066666666666667,0.8018000000000001,3.1982,3.9887752556747316,"Sep 15, 2021",DH,Definitive Healthcare Corp.,27.0,23.18,-0.142,Health Information Services,Health Care,United States,2,0.108,0.432,0.68364,3.31636
52,2,53,TEN,Dillon Radunz\RaduDi00,T,23.0,2021.0,0,0,0,1.0,1.0,12.0,0.0,0.0,0.0,0.0,0.0,0.0,0.0,0.0,0.0,0.0,0.0,1.0,,,North Dakota St.,,2,370.0,Las Vegas Raiders,2022.0,0.12333333333333334,0.12333333333333334,0.7807000000000001,0.21929999999999994,0.280901754835404,"Sep 14, 2021",SRAD,Sportradar Group AG,27.0,12.97,-0.52,Software-Application,Technology,United States,2,0.108,0.108,0.68364,0.31636
53,2,54,IND,Dayo Odeyingbo\OdeyDa00,DL,21.0,2021.0,0,0,0,1.0,1.0,10.0,0.0,0.0,0.0,0.0,0.0,0.0,0.0,0.0,0.0,0.0,0.0,5.0,,0.5,Vanderbilt,College Stats,2,360.0,New England Patriots,2022.0,0.12,0.12,0.7595999999999999,0.24040000000000006,0.31648235913638767,"Feb 25, 2021",SCR,"Score Media & Gaming, Inc.",27.0,35.58,0.35600000000000004,,,,2,0.108,0.108,0.68364,0.31636
54,2,55,PIT,Pat Freiermuth\FreiPa00,TE,22.0,2021.0,0,0,0,4.0,4.0,16.0,0.0,0.0,0.0,0.0,0.0,0.0,0.0,0.0,60.0,497.0,7.0,1.0,,,Penn St.,College Stats,2,350.0,Arizona Cardinals,2022.0,0.11666666666666667,0.4666666666666667,0.7385,3.2615,4.416384563303994,"May 6, 2021",VALN,Valneva SE,26.41,33.0,0.249,Biotechnology,Health Care,France,2,0.10564,0.42256,0.6687012,3.3312988
55,2,56,SEA,D'Wayne Eskridge\EskrDW00,WR,24.0,2021.0,0,0,0,1.0,1.0,10.0,0.0,0.0,0.0,0.0,0.0,4.0,59.0,0.0,10.0,64.0,1.0,,,,Western Michigan,College Stats,2,340.0,Dallas Cowboys,2022.0,0.11333333333333333,0.11333333333333333,0.7173999999999999,0.2826000000000001,0.3939224979091164,"Nov 4, 2021",EVO,Evotec SE,26.16,13.75,-0.474,Drug Manufacturers-Specialty & Generic,Health Care,Germany,2,0.10464,0.10464,0.6623711999999999,0.33762880000000006
57,2,58,KAN,Nick Bolton\BoltNi00,LB,21.0,2021.0,0,0,1,6.0,6.0,16.0,0.0,0.0,0.0,0.0,0.0,0.0,0.0,0.0,0.0,0.0,0.0,70.0,,,Missouri,College Stats,2,320.0,Atlanta Falcons,2022.0,0.10666666666666667,0.64,0.6752,5.3248,7.886255924170616,"Jan 21, 2021",MYTE,MYT Netherlands Parent B.V.,26.0,11.7,-0.55,Luxury Goods,Consumer Cyclical,United States,2,0.104,0.624,0.65832,5.34168
58,2,59,CAR,Terrace Marshall Jr.\MarsTe00,WR,21.0,2021.0,0,0,0,1.0,1.0,13.0,0.0,0.0,0.0,0.0,0.0,0.0,0.0,0.0,17.0,138.0,0.0,,,,LSU,College Stats,2,310.0,Green Bay Packers,2022.0,0.10333333333333333,0.10333333333333333,0.6541,0.3459,0.5288182235132243,"Jun 24, 2021",DOCS,"Doximity, Inc.",26.0,44.6,0.715,Health Information Services,Health Care,United States,2,0.104,0.104,0.65832,0.34168
59,2,60,NOR,Pete Werner\WernPe00,LB,22.0,2021.0,0,0,0,5.0,5.0,15.0,0.0,0.0,0.0,0.0,0.0,0.0,0.0,0.0,0.0,0.0,0.0,36.0,,,Ohio St.,College Stats,2,300.0,Tampa Bay Buccaneers,2022.0,0.1,0.5,0.633,4.367,6.898894154818326,"Sep 23, 2021",ESMT,"EngageSmart, Inc.",26.0,19.76,-0.24,Software-Infrastructure,Technology,United States,2,0.104,0.52,0.65832,4.34168
60,2,61,BUF,Boogie Basham\BashCa00,DL,23.0,2021.0,0,0,0,1.0,1.0,8.0,0.0,0.0,0.0,0.0,0.0,0.0,0.0,0.0,0.0,0.0,0.0,11.0,,2.5,Wake Forest,College Stats,2,292.0,San Francisco 49ers,2022.0,0.09733333333333333,0.09733333333333333,0.61612,0.38388,0.6230604427708888,"Jun 30, 2021",INTA,"Intapp, Inc.",26.0,23.94,-0.079,Software-Application,Technology,United States,2,0.104,0.104,0.65832,0.34168
61,2,62,GNB,Josh Myers\MyerJo00,C,23.0,2021.0,0,0,0,3.0,3.0,6.0,0.0,0.0,0.0,0.0,0.0,0.0,0.0,0.0,0.0,0.0,0.0,,,,Ohio St.,College Stats,2,284.0,Kansas City Chiefs,2022.0,0.09466666666666666,0.284,0.59924,2.40076,4.0063413657299245,"Feb 5, 2021",IMCR,Immunocore Holdings plc,26.0,35.64,0.371,Biotechnology,Health Care,United States,2,0.104,0.312,0.65832,2.34168
62,2,63,KAN,Creed Humphrey\HumpCr00,OL,22.0,2021.0,0,0,1,9.0,9.0,17.0,0.0,0.0,0.0,0.0,0.0,0.0,0.0,0.0,0.0,0.0,0.0,1.0,,,Oklahoma,College Stats,2,276.0,Cincinnati Bengals,2022.0,0.092,0.828,0.58236,8.41764,14.454358128992377,"Mar 24, 2021",ACVA,"ACV Auctions, Inc.",25.0,13.68,-0.45299999999999996,Software-Application,Technology,United States,2,0.1,0.9,0.633,8.367
64,3,65,JAX,Andre Cisco\CiscAn00,DB,21.0,2021.0,0,0,0,2.0,2.0,17.0,0.0,0.0,0.0,0.0,0.0,0.0,0.0,0.0,0.0,0.0,0.0,19.0,,,Syracuse,College Stats,3,265.0,Jacksonville Jaguars,2022.0,0.08833333333333333,0.17666666666666667,0.55915,1.44085,2.57685773048377,"Jan 27, 2021",SHLS,"Shoals Technologies Group, Inc.",25.0,10.23,-0.591,Solar,Technology,United States,3,0.1,0.2,0.633,1.367
66,3,67,HOU,Davis Mills\MillDa02,QB,22.0,2021.0,0,0,1,7.0,7.0,13.0,263.0,394.0,2664.0,16.0,10.0,18.0,44.0,0.0,0.0,0.0,0.0,,,,Stanford,College Stats,3,255.0,New York Giants,2022.0,0.085,0.5950000000000001,0.53805,6.46195,12.009943313818418,"Nov 9, 2021",TCBX,"Third Coast Bancshares, Inc.",25.0,22.57,-0.09699999999999999,Banks-Regional,Financial Services,United States,3,0.1,0.7000000000000001,0.633,6.367
67,3,68,ATL,Jalen Mayfield\MayfJa00,OL,21.0,2021.0,0,0,1,7.0,7.0,16.0,0.0,0.0,0.0,0.0,0.0,0.0,0.0,0.0,0.0,0.0,0.0,,,,Michigan,College Stats,3,250.0,Houston Texans,2022.0,0.08333333333333333,0.5833333333333333,0.5275,6.4725,12.270142180094787,"May 12, 2021",GLBE,Global-E Online Ltd.,25.0,24.63,-0.015,Internet Retail,Consumer Cyclical,United States,3,0.1,0.7000000000000001,0.633,6.367
69,3,70,CAR,Brady Christensen\ChriBr00,OL,24.0,2021.0,0,0,0,3.0,3.0,16.0,0.0,0.0,0.0,0.0,0.0,0.0,0.0,0.0,0.0,0.0,0.0,1.0,,,BYU,College Stats,3,240.0,Jacksonville Jaguars,2022.0,0.08,0.24,0.5064,2.4936,4.924170616113744,"Feb 3, 2021",TIXT,"TELUS International, Inc.",25.0,22.08,-0.11699999999999999,Software-Infrastructure,Technology,Canada,3,0.1,0.30000000000000004,0.633,2.367
70,3,71,NYG,Aaron Robinson\RobiAa00,DB,23.0,2021.0,0,0,0,1.0,1.0,9.0,0.0,0.0,0.0,0.0,0.0,0.0,0.0,0.0,0.0,0.0,0.0,16.0,,,Central Florida,College Stats,3,235.0,Chicago Bears,2022.0,0.07833333333333334,0.07833333333333334,0.49585,0.50415,1.0167389331451042,"Mar 17, 2021",OLO,"Olo, Inc.",25.0,10.25,-0.59,Software-Application,Technology,United States,3,0.1,0.1,0.633,0.367
71,3,72,DET,Alim McNeill\McNeAl00,DT,21.0,2021.0,0,0,0,3.0,3.0,17.0,0.0,0.0,0.0,0.0,0.0,0.0,0.0,0.0,0.0,0.0,0.0,15.0,,2.0,North Carolina St.,College Stats,3,230.0,Seattle Seahawks,2022.0,0.07666666666666666,0.22999999999999998,0.48529999999999995,2.5147,5.18174325159695,"Oct 13, 2021",AVDX,"AvidXchange Holdings, Inc.",25.0,8.57,-0.657,Software-Infrastructure,Technology,United States,3,0.1,0.30000000000000004,0.633,2.367
72,3,73,PHI,Milton Williams\WillMi08,DL,22.0,2021.0,0,0,0,2.0,2.0,17.0,0.0,0.0,0.0,0.0,0.0,0.0,0.0,0.0,0.0,0.0,0.0,15.0,,2.0,Louisiana Tech,College Stats,3,225.0,Washington Commanders,2022.0,0.075,0.15,0.47475,1.52525,3.21274354923644,"Feb 4, 2021",SANA,"Sana Biotechnology, Inc.",25.0,7.74,-0.69,Biotechnology,Health Care,United States,3,0.1,0.2,0.633,1.367
73,3,74,WAS,Benjamin St-Juste\StJuBe00,DB,23.0,2021.0,0,0,0,1.0,1.0,9.0,0.0,0.0,0.0,0.0,0.0,0.0,0.0,0.0,0.0,0.0,0.0,20.0,,,Minnesota,College Stats,3,220.0,Atlanta Falcons,2022.0,0.07333333333333333,0.07333333333333333,0.4642,0.5358,1.154243860404998,"Jul 15, 2021",SGHT,"Sight Sciences, Inc.",24.0,8.18,-0.659,Medical Devices,Health Care,United States,3,0.096,0.096,0.60768,0.39232
74,3,75,DAL,Osa Odighizuwa\OdigOs00,DL,23.0,2021.0,0,0,1,6.0,6.0,16.0,0.0,0.0,0.0,0.0,0.0,0.0,0.0,0.0,0.0,0.0,0.0,21.0,,2.0,UCLA,College Stats,3,215.0,Denver Broncos,2022.0,0.07166666666666667,0.43000000000000005,0.45365000000000005,5.54635,12.226055328998125,"Feb 11, 2021",SGFY,"Signify Health, Inc.",24.0,15.08,-0.37200000000000005,Health Information Services,Health Care,United States,3,0.096,0.5760000000000001,0.60768,5.39232
75,3,76,NOR,Paulson Adebo\AdebPa00,CB,22.0,2021.0,0,0,1,6.0,6.0,17.0,0.0,0.0,0.0,0.0,0.0,0.0,0.0,0.0,0.0,0.0,0.0,55.0,3.0,,Stanford,College Stats,3,210.0,Baltimore Ravens,2022.0,0.07,0.42000000000000004,0.44310000000000005,5.5569,12.540961408259985,"May 26, 2021",FLYW,Flywire Corporation,24.0,28.74,0.198,Information Technology Services,Technology,United States,3,0.096,0.5760000000000001,0.60768,5.39232
76,3,77,LAC,Josh Palmer\PalmJo00,WR,22.0,2021.0,0,0,0,3.0,3.0,17.0,0.0,0.0,0.0,0.0,0.0,1.0,6.0,0.0,33.0,353.0,4.0,2.0,,,Tennessee,College Stats,3,205.0,Minnesota Vikings,2022.0,0.06833333333333333,0.205,0.43255,2.56745,5.935614379840481,"Apr 29, 2021",EDR,"Endeavor Group Holdings, Inc.",24.0,24.25,0.01,Entertainment,Communication Services,United States,3,0.096,0.28800000000000003,0.60768,2.39232
77,3,78,MIN,Chazz Surratt\SurrCh00,LB,24.0,2021.0,0,0,0,1.0,1.0,9.0,0.0,0.0,0.0,0.0,0.0,0.0,0.0,0.0,0.0,0.0,0.0,,,,North Carolina,College Stats,3,200.0,Cleveland Browns,2022.0,0.06666666666666667,0.06666666666666667,0.422,0.5780000000000001,1.369668246445498,"Jul 22, 2021",BASE,"Couchbase, Inc.",24.0,16.92,-0.295,Software-Infrastructure,Technology,United States,3,0.096,0.096,0.60768,0.39232
79,3,80,LVR,Divine Deablo\DeabDi00,DB,23.0,2021.0,0,0,0,5.0,5.0,17.0,0.0,0.0,0.0,0.0,0.0,0.0,0.0,0.0,0.0,0.0,0.0,28.0,,,Virginia Tech,College Stats,3,190.0,New Orleans Saints,2022.0,0.06333333333333334,0.3166666666666667,0.40090000000000003,4.5991,11.471938139186829,"Sep 15, 2021",ONON,On Holding AG,24.0,26.0,0.083,Apparel Retail,Consumer Cyclical,United States,3,0.096,0.48,0.60768,4.39232
81,3,82,WAS,Dyami Brown\BrowDy00,WR,21.0,2021.0,0,0,0,1.0,1.0,15.0,0.0,0.0,0.0,0.0,0.0,1.0,-4.0,0.0,12.0,165.0,0.0,1.0,,,North Carolina,College Stats,3,180.0,Indianapolis Colts,2022.0,0.06,0.06,0.37979999999999997,0.6202000000000001,1.6329647182727756,"Jun 29, 2021",DDL,Dingdong (Cayman) Limited,23.5,5.175,-0.78,Grocery Stores,Consumer Defensive,United States,3,0.094,0.094,0.59502,0.40498
82,3,83,CAR,Tommy Tremble\TremTo00,TE,21.0,2021.0,0,0,1,1.0,1.0,16.0,0.0,0.0,0.0,0.0,0.0,3.0,11.0,1.0,20.0,180.0,1.0,2.0,,,Notre Dame,College Stats,3,175.0,Philadelphia Eagles,2022.0,0.058333333333333334,0.058333333333333334,0.36925,0.6307499999999999,1.708192281651997,"Jul 22, 2021",RYAN,"Ryan Specialty Group Holdings, Inc.",23.5,39.69,0.6890000000000001,Insurance-Specialty,Financial Services,United States,3,0.094,0.094,0.59502,0.40498
83,3,84,DAL,Chauncey Golston\GolsCh00,DL,23.0,2021.0,0,0,0,2.0,2.0,15.0,0.0,0.0,0.0,0.0,0.0,0.0,0.0,0.0,0.0,0.0,0.0,14.0,,1.0,Iowa,College Stats,3,170.0,Pittsburgh Steelers,2022.0,0.056666666666666664,0.11333333333333333,0.35869999999999996,1.6413,4.575689991636465,"Jun 11, 2021",TASK,"TaskUs, Inc.",23.0,29.95,0.302,Information Technology Services,Technology,United States,3,0.092,0.184,0.58236,1.41764
84,3,85,GNB,Amari Rodgers\RodgAm00,WR,21.0,2021.0,0,0,0,1.0,1.0,16.0,0.0,0.0,0.0,0.0,0.0,1.0,11.0,0.0,4.0,45.0,0.0,3.0,,,Clemson,College Stats,3,165.0,New England Patriots,2022.0,0.055,0.055,0.34815,0.65185,1.8723251472066638,"Sep 15, 2021",BROS,Dutch Bros Inc.,23.0,50.87,1.212,Restaurants,Consumer Cyclical,United States,3,0.092,0.092,0.58236,0.41764
86,3,87,PIT,Kendrick Green\GreeKe02,OL,22.0,2021.0,0,0,1,5.0,5.0,15.0,0.0,0.0,0.0,0.0,0.0,0.0,0.0,0.0,0.0,0.0,0.0,1.0,,,Illinois,College Stats,3,155.0,Arizona Cardinals,2022.0,0.051666666666666666,0.2583333333333333,0.32705,4.67295,14.288182235132243,"Jul 21, 2021",PYCR,"Paycor HCM, Inc.",23.0,24.8,0.078,Software-Application,Technology,United States,3,0.092,0.45999999999999996,0.58236,4.4176400000000005
87,3,88,SFO,Trey Sermon\SermTr00,RB,22.0,2021.0,0,0,0,1.0,1.0,9.0,0.0,0.0,0.0,0.0,0.0,41.0,167.0,1.0,3.0,26.0,0.0,1.0,,,Ohio St.,College Stats,3,150.0,Dallas Cowboys,2022.0,0.05,0.05,0.3165,0.6835,2.1595576619273302,"Dec 15, 2021",IOT,Samsara Inc.,23.0,12.91,-0.439,Software-Infrastructure,Technology,United States,3,0.092,0.092,0.58236,0.41764
88,3,89,HOU,Nico Collins\CollNi00,WR,22.0,2021.0,0,0,0,3.0,3.0,14.0,0.0,0.0,0.0,0.0,0.0,0.0,0.0,0.0,33.0,446.0,1.0,1.0,,,Michigan,College Stats,3,145.0,Buffalo Bills,2022.0,0.04833333333333333,0.145,0.30595,2.69405,8.805523778395163,"Apr 29, 2021",PRVA,"Privia Health Group, Inc.",23.0,24.895,0.08199999999999999,Health Information Services,Health Care,United States,3,0.092,0.276,0.58236,2.41764
89,3,90,MIN,Patrick Jones II\JonePa00,DL,22.0,2021.0,0,0,0,1.0,1.0,9.0,0.0,0.0,0.0,0.0,0.0,0.0,0.0,0.0,0.0,0.0,0.0,4.0,,,Pittsburgh,College Stats,3,140.0,Tennessee Titans,2022.0,0.04666666666666667,0.04666666666666667,0.2954,0.7046,2.3852403520649967,"Apr 15, 2021",AGL,"agilon health, inc.",23.0,18.77,-0.184,Medical Care Facilities,Health Care,United States,3,0.092,0.092,0.58236,0.41764
90,3,91,CLE,Anthony Schwartz\SchwAn00,WR,21.0,2021.0,0,0,0,1.0,1.0,14.0,0.0,0.0,0.0,0.0,0.0,6.0,39.0,0.0,10.0,135.0,1.0,2.0,,,Auburn,College Stats,3,136.0,Tampa Bay Buccaneers,2022.0,0.04533333333333334,0.04533333333333334,0.28696000000000005,0.7130399999999999,2.48480624477279,"Dec 16, 2021",SANG,Sangoma Technologies Corporation,22.68,13.44,-0.40700000000000003,Software-Infrastructure,Technology,Canada,3,0.09072,0.09072,0.5742575999999999,0.4257424000000001
91,3,92,TEN,Monty Rice\RiceMo00,LB,22.0,2021.0,0,0,0,2.0,2.0,10.0,0.0,0.0,0.0,0.0,0.0,0.0,0.0,0.0,0.0,0.0,0.0,17.0,,,Georgia,College Stats,3,132.0,Green Bay Packers,2022.0,0.044,0.088,0.27852,1.7214800000000001,6.18081286801666,"May 27, 2021",FIGS,"FIGS, Inc.",22.0,16.0,-0.273,Apparel Manufacturing,Consumer Cyclical,United States,3,0.088,0.176,0.55704,1.44296
92,3,93,BUF,Spencer Brown\BrowSp00,OL,23.0,2021.0,0,0,0,6.0,6.0,13.0,0.0,0.0,0.0,0.0,0.0,0.0,0.0,0.0,0.0,0.0,0.0,1.0,,,Northern Iowa,,3,128.0,San Francisco 49ers,2022.0,0.042666666666666665,0.256,0.27008,5.72992,21.21563981042654,"May 12, 2021",SMWB,Similarweb Ltd.,22.0,13.24,-0.39799999999999996,Internet Content & Information,Communication Services,United States,3,0.088,0.528,0.55704,5.44296
93,3,94,BAL,Ben Cleveland\ClevBe00,OL,23.0,2021.0,0,0,0,2.0,2.0,12.0,0.0,0.0,0.0,0.0,0.0,0.0,0.0,0.0,0.0,0.0,0.0,,,,Georgia,College Stats,3,124.0,Kansas City Chiefs,2022.0,0.04133333333333333,0.08266666666666667,0.26164,1.7383600000000001,6.644091117566123,"Oct 1, 2021",EXAI,Exscientia plc,22.0,12.92,-0.413,Biotechnology,Health Care,United States,3,0.088,0.176,0.55704,1.44296
94,3,95,TAM,Robert Hainsey\HainRo00,OL,23.0,2021.0,0,0,0,1.0,1.0,9.0,0.0,0.0,0.0,0.0,0.0,0.0,0.0,0.0,0.0,0.0,0.0,,,,Notre Dame,College Stats,3,120.0,Cincinnati Bengals,2022.0,0.04,0.04,0.2532,0.7468,2.9494470774091632,"May 27, 2021",OMIC,"Singular Genomics Systems, Inc.",22.0,4.42,-0.799,Medical Instruments & Supplies,Health Care,United States,3,0.088,0.088,0.55704,0.44296
97,3,98,DEN,Quinn Meinerz\MeinQu02,C,22.0,2021.0,0,0,0,4.0,4.0,15.0,0.0,0.0,0.0,0.0,0.0,0.0,0.0,0.0,0.0,0.0,0.0,,,,Wisconsinâ€“Whitewater,,4,108.0,New Orleans Saints,2022.0,0.036,0.144,0.22787999999999997,3.77212,16.553098121818504,"Jul 1, 2021",CURV,"Torrid Holdings, Inc.",21.0,5.94,-0.7170000000000001,Apparel Retail,Consumer Cyclical,United States,4,0.084,0.336,0.5317200000000001,3.46828
98,3,99,DAL,Nahshon Wright\WrigNa00,DB,22.0,2021.0,0,0,0,1.0,1.0,13.0,0.0,0.0,0.0,0.0,0.0,0.0,0.0,0.0,0.0,0.0,0.0,7.0,,,Oregon St.,College Stats,4,104.0,Cleveland Browns,2022.0,0.034666666666666665,0.034666666666666665,0.21944,0.78056,3.5570543200874956,"Mar 25, 2021",VZIO,VIZIO Holding Corp.,21.0,6.705,-0.6809999999999999,Household Durables,Consumer Discretionary,United States,4,0.084,0.084,0.5317200000000001,0.4682799999999999
99,3,100,TEN,Elijah Molden\MoldEl00,DB,22.0,2021.0,0,0,0,3.0,3.0,16.0,0.0,0.0,0.0,0.0,0.0,0.0,0.0,0.0,0.0,0.0,0.0,43.0,1.0,,Washington,College Stats,4,100.0,Baltimore Ravens,2022.0,0.03333333333333333,0.1,0.211,2.789,13.218009478672986,"Mar 4, 2021",INNV,Innovage Holding Corp.,21.0,4.99,-0.762,Medical Care Facilities,Health Care,United States,4,0.084,0.252,0.5317200000000001,2.46828
100,3,101,DET,Ifeatu Melifonwu\MeliIf00,DB,22.0,2021.0,0,0,0,1.0,1.0,7.0,0.0,0.0,0.0,0.0,0.0,0.0,0.0,0.0,0.0,0.0,0.0,12.0,,,Syracuse,College Stats,4,96.0,New Orleans Saints,2022.0,0.032,0.032,0.20256000000000002,0.7974399999999999,3.9368088467614526,"Mar 18, 2021",TUYA,"Tuya, Inc.",21.0,2.775,-0.868,Software-Infrastructure,Technology,United States,4,0.084,0.084,0.5317200000000001,0.4682799999999999
101,3,102,SFO,Ambry Thomas\ThomAm00,DB,21.0,2021.0,0,0,0,2.0,2.0,12.0,0.0,0.0,0.0,0.0,0.0,0.0,0.0,0.0,0.0,0.0,0.0,17.0,1.0,,Michigan,College Stats,4,92.0,Kansas City Chiefs,2022.0,0.030666666666666665,0.06133333333333333,0.19412,1.80588,9.302905419328251,"Jul 29, 2021",RSKD,Riskified Ltd.,21.0,5.14,-0.755,Software-Application,Technology,United States,4,0.084,0.168,0.5317200000000001,1.46828
102,3,103,LAR,Ernest Jones\JoneEr01,LB,21.0,2021.0,0,0,0,4.0,4.0,15.0,0.0,0.0,0.0,0.0,0.0,0.0,0.0,0.0,0.0,0.0,0.0,36.0,2.0,1.0,South Carolina,College Stats,4,88.0,Miami Dolphins,2022.0,0.029333333333333333,0.11733333333333333,0.18568,3.81432,20.542438604049977,"Jun 3, 2021",DLO,DLocal Limited,21.0,23.8,0.133,Software-Infrastructure,Technology,United States,4,0.084,0.336,0.5317200000000001,3.46828
103,3,104,BAL,Brandon Stephens\StepBr01,CB,23.0,2021.0,0,0,1,5.0,5.0,17.0,0.0,0.0,0.0,0.0,0.0,0.0,0.0,0.0,0.0,0.0,0.0,49.0,,,SMU,College Stats,4,86.0,San Francisco 49ers,2022.0,0.028666666666666667,0.14333333333333334,0.18146,4.81854,26.55428193541276,"Jul 16, 2021",STVN,Stevanato Group S.p.A.,21.0,17.0,-0.191,Medical Instruments & Supplies,Health Care,Italy,4,0.084,0.42000000000000004,0.5317200000000001,4.46828
104,3,105,DEN,Baron Browning\BrowBa01,LB,22.0,2021.0,0,0,0,5.0,5.0,14.0,0.0,0.0,0.0,0.0,0.0,0.0,0.0,0.0,0.0,0.0,0.0,32.0,,,Ohio St.,College Stats,4,84.0,Los Angeles Rams,2022.0,0.028,0.14,0.17724,4.82276,27.2103362672083,"Oct 27, 2021",RENT,"Rent The Runway, Inc.",21.0,5.57,-0.735,Apparel Retail,Consumer Cyclical,United States,4,0.084,0.42000000000000004,0.5317200000000001,4.46828
106,4,107,NYJ,Michael Carter\CartMi03,RB,22.0,2021.0,0,0,1,6.0,6.0,14.0,0.0,0.0,0.0,0.0,0.0,147.0,639.0,4.0,36.0,325.0,0.0,,,,North Carolina,College Stats,4,80.0,Cleveland Browns,2022.0,0.02666666666666667,0.16,0.1688,5.8312,34.54502369668246,"Jan 8, 2021",CGEM,"Cullinan Oncology, Inc.",21.0,10.51,-0.5,Biotechnology,Health Care,United States,4,0.084,0.504,0.5317200000000001,5.46828
107,4,108,ATL,Darren Hall\HallDa03,CB,21.0,2021.0,0,0,0,1.0,1.0,14.0,0.0,0.0,0.0,0.0,0.0,0.0,0.0,0.0,0.0,0.0,0.0,21.0,,1.0,San Diego St.,College Stats,4,78.0,Houston Texans,2022.0,0.026,0.026,0.16458,0.83542,5.076072426783328,"Sep 15, 2021",TWKS,"Thoughtworks Holding, Inc.",21.0,19.56,-0.069,Information Technology Services,Technology,United States,4,0.084,0.084,0.5317200000000001,0.4682799999999999
109,4,110,CLE,James Hudson\HudsJa00,OL,22.0,2021.0,0,0,0,2.0,2.0,12.0,0.0,0.0,0.0,0.0,0.0,0.0,0.0,0.0,0.0,0.0,0.0,,,,Cincinnati,College Stats,4,74.0,New York Giants,2022.0,0.024666666666666667,0.04933333333333333,0.15614,1.84386,11.809017548354042,"Oct 14, 2021",IHS,IHS Holding Limited,21.0,11.185,-0.467,Telecom Services,Communication Services,Mauritius,4,0.084,0.168,0.5317200000000001,1.46828
110,4,111,CIN,Cameron Sample\SampCa00,DE,21.0,2021.0,0,0,0,1.0,1.0,14.0,0.0,0.0,0.0,0.0,0.0,0.0,0.0,0.0,0.0,0.0,0.0,9.0,,1.5,Tulane,College Stats,4,72.0,New York Jets,2022.0,0.024,0.024,0.15192,0.84808,5.582411795681938,"Mar 25, 2021",CRCT,"Cricut, Inc.",20.0,12.39,-0.38,Computer Hardware,Technology,United States,4,0.08,0.08,0.5064,0.49360000000000004
111,4,112,DET,Amon-Ra St. Brown\StxxAm00,WR,21.0,2021.0,0,0,0,8.0,8.0,17.0,0.0,0.0,0.0,0.0,0.0,7.0,61.0,1.0,90.0,912.0,5.0,1.0,,,USC,College Stats,4,70.0,New York Giants,2022.0,0.023333333333333334,0.18666666666666668,0.1477,7.8523,53.16384563303994,"Jan 13, 2021",MSGM,"Motorsport Games, Inc.",20.0,1.03,-0.948,Electronic Gaming & Multimedia,Communication Services,United States,4,0.08,0.64,0.5064,7.4936
112,4,113,DET,Derrick Barnes\BarnDe02,DE,22.0,2021.0,0,0,0,3.0,3.0,17.0,0.0,0.0,0.0,0.0,0.0,0.0,0.0,0.0,0.0,0.0,0.0,42.0,,2.0,Purdue,College Stats,4,68.0,Washington Commanders,2022.0,0.02266666666666667,0.068,0.14348000000000002,2.85652,19.90883746863674,"May 28, 2021",CNTA,Centessa Pharmaceuticals PLC,20.0,8.98,-0.551,Biotechnology,Health Care,United States,4,0.08,0.24,0.5064,2.4936
113,4,114,ATL,Drew Dalman\DalmDr00,C,22.0,2021.0,0,0,0,1.0,1.0,17.0,0.0,0.0,0.0,0.0,0.0,0.0,0.0,0.0,0.0,0.0,0.0,,,,Stanford,College Stats,4,66.0,Atlanta Falcons,2022.0,0.022,0.022,0.13926,0.8607400000000001,6.18081286801666,"Feb 11, 2021",APR,"Apria, Inc.",20.0,37.5,0.875,Medical Instruments & Supplies,Health Care,United States,4,0.08,0.08,0.5064,0.49360000000000004
114,4,115,DAL,Jabril Cox\CoxxJa00,LB,23.0,2021.0,0,0,0,1.0,1.0,7.0,0.0,0.0,0.0,0.0,0.0,0.0,0.0,0.0,0.0,0.0,0.0,2.0,,,LSU,College Stats,4,64.0,Denver Broncos,2022.0,0.021333333333333333,0.021333333333333333,0.13504,0.86496,6.4052132701421804,"Apr 16, 2021",AKYA,"Akoya Biosciences, Inc.",20.0,10.22,-0.489,Medical Instruments & Supplies,Health Care,United States,4,0.08,0.08,0.5064,0.49360000000000004
115,4,116,NYG,Elerson Smith\SmitEl00,DL,23.0,2021.0,0,0,0,1.0,1.0,8.0,0.0,0.0,0.0,0.0,0.0,0.0,0.0,0.0,0.0,0.0,0.0,2.0,,,Northern Iowa,,4,62.0,Seattle Seahawks,2022.0,0.020666666666666667,0.020666666666666667,0.13082,0.8691800000000001,6.644091117566123,"May 5, 2021",FSBC,Five Star Bancorp,20.0,27.93,0.396,Banks-Regional,Financial Services,United States,4,0.08,0.08,0.5064,0.49360000000000004
116,4,117,LAR,Bobby Brown\BrowBo04,DL,21.0,2021.0,0,0,0,1.0,1.0,10.0,0.0,0.0,0.0,0.0,0.0,0.0,0.0,0.0,0.0,0.0,0.0,,,,Texas A&M,College Stats,4,60.0,New York Jets,2022.0,0.02,0.02,0.1266,0.8734,6.898894154818326,"Jun 18, 2021",IPSC,"Century Therapeutics, Inc.",20.0,11.895,-0.405,Biotechnology,Health Care,United States,4,0.08,0.08,0.5064,0.49360000000000004
117,4,118,LAC,Chris Rumph\RumpCh00,DE,22.0,2021.0,0,0,0,1.0,1.0,16.0,0.0,0.0,0.0,0.0,0.0,0.0,0.0,0.0,0.0,0.0,0.0,8.0,,1.0,Duke,College Stats,4,58.0,Cleveland Browns,2022.0,0.019333333333333334,0.019333333333333334,0.12238,0.87762,7.1712698153293015,"Jul 15, 2021",RPID,"Rapid Micro Biosystems, Inc.",20.0,5.02,-0.7490000000000001,Wireless Telecommunication Services,Communication Services,United States,4,0.08,0.08,0.5064,0.49360000000000004
118,4,119,MIN,Kene Nwangwu\NwanKe00,RB,23.0,2021.0,0,0,0,2.0,2.0,11.0,0.0,0.0,0.0,0.0,0.0,13.0,61.0,0.0,4.0,9.0,0.0,,,,Iowa St.,College Stats,4,56.0,Baltimore Ravens,2022.0,0.018666666666666668,0.037333333333333336,0.11816000000000002,1.88184,15.92620176032498,"Oct 29, 2021",TRDA,"Entrada Therapeutics, Inc.",20.0,6.77,-0.662,Biotechnology,Health Care,United States,4,0.08,0.16,0.5064,1.4936
119,4,120,NWE,Rhamondre Stevenson\StevRh00,RB,23.0,2021.0,0,0,0,5.0,5.0,12.0,0.0,0.0,0.0,0.0,0.0,133.0,606.0,5.0,14.0,123.0,0.0,,,,Oklahoma,College Stats,4,54.0,New Orleans Saints,2022.0,0.018,0.09,0.11393999999999999,4.88606,42.882745304546255,"Jun 10, 2021",DIBS,"1stdibs.com, Inc.",20.0,7.7,-0.615,Internet Retail,Consumer Cyclical,United States,4,0.08,0.4,0.5064,4.4936
122,4,123,PHI,Zech McPhearson\McPhZe00,DB,23.0,2021.0,0,0,0,1.0,1.0,16.0,0.0,0.0,0.0,0.0,0.0,0.0,0.0,0.0,0.0,0.0,0.0,7.0,,,Texas Tech,College Stats,4,49.0,Los Angeles Chargers,2022.0,0.01633333333333333,0.01633333333333333,0.10339,0.89661,8.672115291614277,"Oct 21, 2021",PTLO,Portillo's Inc.,20.0,21.99,0.099,Restaurants,Consumer Cyclical,United States,4,0.08,0.08,0.5064,0.49360000000000004
123,4,124,WAS,John Bates\BateJo00,TE,23.0,2021.0,0,0,0,2.0,2.0,17.0,0.0,0.0,0.0,0.0,0.0,0.0,0.0,0.0,20.0,249.0,1.0,2.0,,,Boise St.,College Stats,4,48.0,Philadelphia Eagles,2022.0,0.016,0.032,0.10128000000000001,1.89872,18.747235387045812,"Feb 5, 2021",BOLT,"Bolt Biotherapeutics, Inc.",20.0,1.855,-0.907,Biotechnology,Health Care,United States,4,0.08,0.16,0.5064,1.4936
124,4,125,MIN,Camryn Bynum\BynuCa00,CB,23.0,2021.0,0,0,0,2.0,2.0,14.0,0.0,0.0,0.0,0.0,0.0,0.0,0.0,0.0,0.0,0.0,0.0,20.0,1.0,1.0,California,College Stats,4,47.0,Miami Dolphins,2022.0,0.015666666666666666,0.03133333333333333,0.09917,1.90083,19.167389331451044,"Mar 19, 2021",TIL,"Instil Bio, Inc.",20.0,8.39,-0.581,Biotechnology,Health Care,United States,4,0.08,0.16,0.5064,1.4936
125,4,126,CAR,Chuba Hubbard\HubbCh01,RB,22.0,2021.0,0,0,0,5.0,5.0,17.0,0.0,0.0,0.0,0.0,0.0,172.0,612.0,5.0,25.0,174.0,1.0,1.0,,,Oklahoma St.,College Stats,4,46.0,Las Vegas Raiders,2022.0,0.015333333333333332,0.07666666666666666,0.09706,4.90294,50.51452709664126,"Jul 23, 2021",OB,"Outbrain, Inc.",20.0,9.9,-0.505,Internet Content & Information,Communication Services,United States,4,0.08,0.4,0.5064,4.4936
126,4,127,IND,Kylen Granson\GranKy00,TE,23.0,2021.0,0,0,0,1.0,1.0,17.0,0.0,0.0,0.0,0.0,0.0,0.0,0.0,0.0,11.0,106.0,0.0,,,,SMU,College Stats,4,45.0,New England Patriots,2022.0,0.015,0.015,0.09494999999999999,0.90505,9.531858873091101,"Mar 26, 2021",DSGN,"Design Therapeutics, Inc.",20.0,13.5,-0.325,Biotechnology,Health Care,United States,4,0.08,0.08,0.5064,0.49360000000000004
127,4,128,PIT,Dan Moore\MoorDa05,OL,22.0,2021.0,0,0,1,7.0,7.0,16.0,0.0,0.0,0.0,0.0,0.0,0.0,0.0,0.0,0.0,0.0,0.0,,,,Texas A&M,College Stats,5,44.0,Baltimore Ravens,2022.0,0.014666666666666666,0.10266666666666667,0.09284,6.90716,74.39853511417492,"Jul 23, 2021",CNM,"Core & Main, Inc.",20.0,24.38,0.21899999999999997,Industrial Distribution,Industrials,United States,4,0.08,0.56,0.5064,6.4936
129,4,130,LAR,Robert Rochell\RochRo00,DB,23.0,2021.0,0,0,0,2.0,2.0,11.0,0.0,0.0,0.0,0.0,0.0,0.0,0.0,0.0,0.0,0.0,0.0,11.0,1.0,,Central Arkansas,,5,42.0,Buffalo Bills,2022.0,0.014,0.028,0.08862,1.91138,21.568269013766646,"Mar 12, 2021",RXDX,"Prometheus Biosciences, Inc.",19.0,27.465,0.445,Biotechnology,Health Care,United States,5,0.076,0.152,0.48108,1.51892
135,4,136,ARI,Marco Wilson\WilsMa04,CB,22.0,2021.0,0,0,1,5.0,5.0,14.0,0.0,0.0,0.0,0.0,0.0,0.0,0.0,0.0,0.0,0.0,0.0,40.0,,,Florida,College Stats,5,38.0,Cincinnati Bengals,2022.0,0.012666666666666666,0.06333333333333332,0.08018,4.91982,61.35969069593414,"Jun 11, 2021",BZ,Kanzhun Limited,19.0,19.805,0.042,Staffing & Employment Services,Industrials,United States,5,0.076,0.38,0.48108,4.51892
136,4,137,SEA,Tre Brown\BrowTr03,CB,23.0,2021.0,0,0,0,1.0,1.0,5.0,0.0,0.0,0.0,0.0,0.0,0.0,0.0,0.0,0.0,0.0,0.0,9.0,,,Oklahoma,College Stats,5,38.0,Houston Texans,2022.0,0.012666666666666666,0.012666666666666666,0.08018,0.91982,11.471938139186829,"Sep 16, 2021",ACT,"Enact Holdings, Inc.",19.0,23.215,0.222,Insurance-Specialty,Financial Services,United States,5,0.076,0.076,0.48108,0.51892
138,4,139,CIN,D'Ante Smith\SmitDA03,T,23.0,2021.0,0,0,0,1.0,1.0,2.0,0.0,0.0,0.0,0.0,0.0,0.0,0.0,0.0,0.0,0.0,0.0,,,,East Carolina,College Stats,5,37.0,Baltimore Ravens,2022.0,0.012333333333333333,0.012333333333333333,0.07807,0.92193,11.809017548354042,"Jul 21, 2021",VTEX,VTEX,19.0,5.58,-0.706,Software-Application,Technology,United States,5,0.076,0.076,0.48108,0.51892
141,4,142,GNB,Royce Newman\NewmRo00,G,24.0,2021.0,0,0,1,8.0,8.0,17.0,0.0,0.0,0.0,0.0,0.0,0.0,0.0,0.0,0.0,0.0,0.0,,,,Mississippi,College Stats,5,35.0,Los Angeles Rams,2022.0,0.011666666666666667,0.09333333333333334,0.07385,7.92615,107.3276912660799,"Jan 8, 2021",GRCL,"Gracell Biotechnologies, Inc.",19.0,2.02,-0.894,Biotechnology,Health Care,United States,5,0.076,0.608,0.48108,7.51892
142,4,143,LVR,Tyree Gillespie\GillTy00,S,23.0,2021.0,0,0,0,1.0,1.0,11.0,0.0,0.0,0.0,0.0,0.0,0.0,0.0,0.0,0.0,0.0,0.0,1.0,,,Missouri,College Stats,5,35.0,Tennessee Titans,2022.0,0.011666666666666667,0.011666666666666667,0.07385,0.92615,12.540961408259987,"Apr 23, 2021",SWIM,"Latham Group, Inc.",19.0,11.95,-0.371,Building Products & Equipment,Industrials,United States,5,0.076,0.076,0.48108,0.51892
145,5,146,NYJ,Jamien Sherwood\SherJa00,DB,21.0,2021.0,0,0,0,1.0,1.0,5.0,0.0,0.0,0.0,0.0,0.0,0.0,0.0,0.0,0.0,0.0,0.0,8.0,,,Auburn,College Stats,5,33.0,New York Jets,2022.0,0.011,0.011,0.06963,0.93037,13.36162573603332,"Jun 17, 2021",AOMR,"Angel Oak Mortgage, Inc.",19.0,16.1,-0.153,REIT-Mortgage,Real Estate,United States,5,0.076,0.076,0.48108,0.51892
146,5,147,HOU,Brevin Jordan\JordBr00,TE,21.0,2021.0,0,0,0,1.0,1.0,9.0,0.0,0.0,0.0,0.0,0.0,0.0,0.0,0.0,20.0,178.0,3.0,,,,Miami (FL),College Stats,5,33.0,New York Giants,2022.0,0.011,0.011,0.06963,0.93037,13.36162573603332,"Apr 1, 2021",ULCC,"Frontier Group Holdings, Inc.",19.0,11.265,-0.40700000000000003,Airlines,Industrials,United States,5,0.076,0.076,0.48108,0.51892
147,5,148,ATL,Ta'Quon Graham\GrahTa00,DL,22.0,2021.0,0,0,0,2.0,2.0,13.0,0.0,0.0,0.0,0.0,0.0,0.0,0.0,0.0,0.0,0.0,0.0,8.0,,,Texas,College Stats,5,32.0,Chicago Bears,2022.0,0.010666666666666666,0.021333333333333333,0.06752,1.93248,28.620853080568722,"Nov 3, 2021",CMTG,"Claros Mortgage Trust, Inc.",18.65,19.15,0.027000000000000003,REIT-Mortgage,Real Estate,United States,5,0.0746,0.1492,0.472218,1.527782
148,5,149,CIN,Evan McPherson\McPhEv00,K,22.0,2021.0,0,0,0,4.0,4.0,16.0,0.0,0.0,0.0,0.0,0.0,0.0,0.0,0.0,0.0,0.0,0.0,,,,Florida,College Stats,5,32.0,Carolina Panthers,2022.0,0.010666666666666666,0.042666666666666665,0.06752,3.93248,58.241706161137444,"Jul 28, 2021",PWSC,"PowerSchool Holdings, Inc.",18.0,14.16,-0.213,Software-Application,Technology,United States,5,0.072,0.288,0.45575999999999994,3.5442400000000003
149,5,150,PHI,Kenneth Gainwell\GainKe00,RB,22.0,2021.0,0,0,0,5.0,5.0,16.0,0.0,0.0,0.0,0.0,0.0,68.0,291.0,5.0,33.0,253.0,1.0,,,,Memphis,College Stats,5,31.0,Chicago Bears,2022.0,0.010333333333333333,0.051666666666666666,0.06541,4.93459,75.44091117566121,"Jun 18, 2021",CYT,"Cyteir Therapeutics, Inc.",18.0,3.22,-0.821,Biotechnology,Health Care,United States,5,0.072,0.36,0.45575999999999994,4.54424
150,5,151,CHI,Larry Borom\BoroLa00,OL,22.0,2021.0,0,0,0,3.0,3.0,10.0,0.0,0.0,0.0,0.0,0.0,0.0,0.0,0.0,0.0,0.0,0.0,,,,Missouri,College Stats,5,31.0,Atlanta Falcons,2022.0,0.010333333333333333,0.031,0.06541,2.93459,44.864546705396734,"Jun 18, 2021",AMAM,"Ambrx Biopharma, Inc.",18.0,3.89,-0.784,Biotechnology,Health Care,United States,5,0.072,0.21599999999999997,0.45575999999999994,2.5442400000000003
151,5,152,DEN,Caden Sterns\SterCa00,DB,21.0,2021.0,0,0,0,2.0,2.0,15.0,0.0,0.0,0.0,0.0,0.0,0.0,0.0,0.0,0.0,0.0,0.0,22.0,2.0,2.0,Texas,College Stats,5,31.0,Denver Broncos,2022.0,0.010333333333333333,0.020666666666666667,0.06541,1.93459,29.576364470264487,"Jul 16, 2021",BLND,"Blend Labs, Inc.",18.0,4.47,-0.752,Software-Application,Technology,United States,5,0.072,0.144,0.45575999999999994,1.54424
152,5,153,CLE,Tony Fields\FielTo00,LB,22.0,2021.0,0,0,0,1.0,1.0,10.0,0.0,0.0,0.0,0.0,0.0,0.0,0.0,0.0,0.0,0.0,0.0,2.0,,,West Virginia,College Stats,5,30.0,Seattle Seahawks,2022.0,0.01,0.01,0.0633,0.9367,14.797788309636651,"Jul 23, 2021",SOPH,SOPHiA GENETICS SA,18.0,7.79,-0.5670000000000001,Health Information Services,Health Care,United States,5,0.072,0.072,0.45575999999999994,0.5442400000000001
153,5,154,NYJ,Michael Carter\CartMi02,S,22.0,2021.0,0,0,0,3.0,3.0,15.0,0.0,0.0,0.0,0.0,0.0,0.0,0.0,0.0,0.0,0.0,0.0,45.0,,1.0,Duke,College Stats,5,30.0,Philadelphia Eagles,2022.0,0.01,0.03,0.0633,2.9367,46.39336492890996,"Jul 28, 2021",SNPO,Snap One Holdings Corp.,18.0,12.79,-0.289,Electronics & Computer Distribution,Technology,United States,5,0.072,0.21599999999999997,0.45575999999999994,2.5442400000000003
154,5,155,SFO,Jaylon Moore\MoorJa04,T,23.0,2021.0,0,0,0,2.0,2.0,7.0,0.0,0.0,0.0,0.0,0.0,0.0,0.0,0.0,0.0,0.0,0.0,,,,Western Michigan,College Stats,5,29.0,Cleveland Browns,2022.0,0.009666666666666667,0.019333333333333334,0.06119,1.93881,31.685079261317206,"Aug 31, 2021",DDI,"DoubleDown Interactive Co., Ltd.",18.0,11.16,-0.38,Electronic Gaming & Multimedia,Communication Services,United States,5,0.072,0.144,0.45575999999999994,1.54424
155,5,156,PIT,Isaiahh Loudermilk\LoudIs00,DE,23.0,2021.0,0,0,0,2.0,2.0,15.0,0.0,0.0,0.0,0.0,0.0,0.0,0.0,0.0,0.0,0.0,0.0,16.0,,1.0,Wisconsin,College Stats,5,29.0,Baltimore Ravens,2022.0,0.009666666666666667,0.019333333333333334,0.06119,1.93881,31.685079261317206,"Jan 14, 2021",WOOF,"Petco Health And Wellness Company, Inc.",18.0,21.155,0.175,Specialty Retail,Consumer Discretionary,United States,5,0.072,0.144,0.45575999999999994,1.54424
156,5,157,MIN,Ihmir Smith-Marsette\SmitIh00,WR,22.0,2021.0,0,0,0,1.0,1.0,8.0,0.0,0.0,0.0,0.0,0.0,0.0,0.0,0.0,5.0,116.0,2.0,,,,Iowa,College Stats,5,29.0,Jacksonville Jaguars,2022.0,0.009666666666666667,0.009666666666666667,0.06119,0.93881,15.342539630658605,"Feb 5, 2021",VOR,"Vor Biopharma, Inc.",18.0,5.55,-0.6920000000000001,Biotechnology,Health Care,United States,5,0.072,0.072,0.45575999999999994,0.5442400000000001
158,5,159,LAC,Brenden Jaimes\JaimBr00,OL,22.0,2021.0,0,0,0,1.0,1.0,11.0,0.0,0.0,0.0,0.0,0.0,0.0,0.0,0.0,0.0,0.0,0.0,,,,Nebraska,College Stats,5,28.0,Indianapolis Colts,2022.0,0.009333333333333334,0.009333333333333334,0.05908000000000001,0.94092,15.92620176032498,"Jun 30, 2021",IAS,Integral Ad Science Holding Corp.,18.0,12.5,-0.306,Advertising Agencies,Communication Services,United States,5,0.072,0.072,0.45575999999999994,0.5442400000000001
160,5,161,BUF,Tommy Doyle\DoylTo00,OL,23.0,2021.0,0,0,0,1.0,1.0,11.0,0.0,0.0,0.0,0.0,0.0,0.0,0.0,0.0,0.0,0.0,0.0,,,,Miami (OH),College Stats,6,27.0,New Orleans Saints,2022.0,0.009,0.009,0.05696999999999999,0.94303,16.553098121818504,"Apr 16, 2021",RXRX,"Recursion Pharmaceuticals, Inc.",18.0,5.96,-0.669,Biotechnology,Health Care,United States,6,0.072,0.072,0.45575999999999994,0.5442400000000001
165,5,166,CAR,Keith Taylor\TaylKe03,DB,22.0,2021.0,0,0,0,2.0,2.0,17.0,0.0,0.0,0.0,0.0,0.0,0.0,0.0,0.0,0.0,0.0,0.0,31.0,,,Washington,College Stats,6,25.0,Arizona Cardinals,2022.0,0.008333333333333333,0.016666666666666666,0.05275,1.94725,36.91469194312796,"Sep 24, 2021",CWAN,"Clearwater Analytics Holdings, Inc.",18.0,17.7,-0.017,Software-Application,Technology,United States,6,0.072,0.144,0.45575999999999994,1.54424
166,5,167,LVR,Nate Hobbs\HobbNa00,CB,22.0,2021.0,0,0,0,3.0,3.0,16.0,0.0,0.0,0.0,0.0,0.0,0.0,0.0,0.0,0.0,0.0,0.0,51.0,1.0,1.0,Illinois,College Stats,6,25.0,Dallas Cowboys,2022.0,0.008333333333333333,0.025,0.05275,2.94725,55.872037914691944,"Jun 10, 2021",LFST,"Lifestance Health Group, Inc.",18.0,9.59,-0.467,Medical Care Facilities,Health Care,United States,6,0.072,0.21599999999999997,0.45575999999999994,2.5442400000000003
168,5,169,CLE,Richard LeCounte\LeCoRi00,DB,22.0,2021.0,0,0,0,1.0,1.0,9.0,0.0,0.0,0.0,0.0,0.0,0.0,0.0,0.0,0.0,0.0,0.0,2.0,,,Georgia,College Stats,6,24.0,Tennessee Titans,2022.0,0.008,0.008,0.050640000000000004,0.94936,18.747235387045812,"Mar 31, 2021",ACHL,Achilles Therapeutics plc,18.0,2.445,-0.8640000000000001,Biotechnology,Health Care,United Kingdom,6,0.072,0.072,0.45575999999999994,0.5442400000000001
169,5,170,HOU,Garret Wallow\WallGa00,LB,22.0,2021.0,0,0,0,2.0,2.0,17.0,0.0,0.0,0.0,0.0,0.0,0.0,0.0,0.0,0.0,0.0,0.0,15.0,,1.0,TCU,College Stats,6,23.0,Tampa Bay Buccaneers,2022.0,0.007666666666666666,0.015333333333333332,0.04853,1.95147,40.211621677313005,"Nov 4, 2021",NRDS,"NerdWallet, Inc.",18.0,9.32,-0.48200000000000004,Credit Services,Financial Services,United States,6,0.072,0.144,0.45575999999999994,1.54424
171,5,172,SFO,Deommodore Lenoir\LenoDe00,CB,21.0,2021.0,0,0,0,1.0,1.0,13.0,0.0,0.0,0.0,0.0,0.0,0.0,0.0,0.0,0.0,0.0,0.0,12.0,,,Oregon,College Stats,6,23.0,San Francisco 49ers,2022.0,0.007666666666666666,0.007666666666666666,0.04853,0.95147,19.605810838656502,"Oct 1, 2021",FWRG,"First Watch Restaurant Group, Inc.",18.0,12.26,-0.319,Restaurants,Consumer Cyclical,United States,6,0.072,0.072,0.45575999999999994,0.5442400000000001
172,5,173,GNB,Tedarrell Slaton\SlatTe00,DL,23.0,2021.0,0,0,0,1.0,1.0,17.0,0.0,0.0,0.0,0.0,0.0,0.0,0.0,0.0,0.0,0.0,0.0,14.0,,1.0,Florida,College Stats,6,22.0,Carolina Panthers,2022.0,0.007333333333333333,0.007333333333333333,0.04642,0.95358,20.542438604049977,"Feb 12, 2021",DBTX,"Decibel Therapeutics, Inc.",18.0,2.43,-0.865,Biotechnology,Health Care,United States,6,0.072,0.072,0.45575999999999994,0.5442400000000001
174,5,175,NYJ,Jason Pinnock\PinnJa01,CB,22.0,2021.0,0,0,0,1.0,1.0,12.0,0.0,0.0,0.0,0.0,0.0,0.0,0.0,0.0,0.0,0.0,0.0,10.0,,,Pittsburgh,College Stats,6,21.0,Los Angeles Rams,2022.0,0.007,0.007,0.04431,0.95569,21.568269013766646,"Nov 12, 2021",MYNA,Mynaric AG,17.48,10.3,-0.41100000000000003,Communication Equipment,Technology,Germany,6,0.06992,0.06992,0.4425936,0.5574064000000001
175,5,176,TAM,K.J. Britt\BritKJ00,LB,22.0,2021.0,0,0,0,1.0,1.0,17.0,0.0,0.0,0.0,0.0,0.0,0.0,0.0,0.0,0.0,0.0,0.0,7.0,,,Auburn,College Stats,6,21.0,Dallas Cowboys,2022.0,0.007,0.007,0.04431,0.95569,21.568269013766646,"Jan 28, 2021",OCDX,Ortho Clinical Diagnostics Holdings plc,17.0,18.18,0.069,Health Care Equipment & Supplies,Health Care,United States,6,0.068,0.068,0.43044000000000004,0.56956
177,5,178,GNB,Shemar Jean-Charles\JeanSh00,DB,23.0,2021.0,0,0,0,1.0,1.0,14.0,0.0,0.0,0.0,0.0,0.0,0.0,0.0,0.0,0.0,0.0,0.0,5.0,,,Appalachian St.,College Stats,6,20.0,Dallas Cowboys,2022.0,0.006666666666666667,0.006666666666666667,0.0422,0.9578,22.696682464454977,"Aug 5, 2021",EWCZ,"European Wax Center, Inc.",17.0,25.5,0.5,Household & Personal Products,Consumer Defensive,United States,6,0.068,0.068,0.43044000000000004,0.56956
179,5,180,SFO,Talanoa Hufanga\HufaTa00,S,22.0,2021.0,0,0,0,2.0,2.0,15.0,0.0,0.0,0.0,0.0,0.0,0.0,0.0,0.0,0.0,0.0,0.0,24.0,,,USC,College Stats,6,19.0,Jacksonville Jaguars,2022.0,0.006333333333333333,0.012666666666666666,0.04009,1.95991,48.887752556747316,"Jul 29, 2021",NUVL,"Nuvalent, Inc.",17.0,10.73,-0.369,Biotechnology,Health Care,United States,6,0.068,0.136,0.43044000000000004,1.56956
181,5,182,ATL,Adetokunbo Ogundeji\OgunAd01,DL,22.0,2021.0,0,0,1,4.0,4.0,16.0,0.0,0.0,0.0,0.0,0.0,0.0,0.0,0.0,0.0,0.0,0.0,18.0,,1.0,Notre Dame,College Stats,6,19.0,New York Giants,2022.0,0.006333333333333333,0.025333333333333333,0.04009,3.95991,98.77550511349463,"May 20, 2021",OTLY,Oatly Group AB,17.0,3.835,-0.774,Beverages-Non-Alcoholic,Consumer Defensive,United States,6,0.068,0.272,0.43044000000000004,3.56956
182,5,183,ATL,Avery Williams\WillAv02,CB,23.0,2021.0,0,0,0,1.0,1.0,15.0,0.0,0.0,0.0,0.0,0.0,0.0,0.0,0.0,0.0,0.0,0.0,11.0,,,Boise St.,College Stats,6,18.0,Houston Texans,2022.0,0.006,0.006,0.03798,0.96202,25.32964718272775,"Feb 5, 2021",LHDX,"Lucira Health, Inc.",17.0,2.85,-0.8320000000000001,Medical Devices,Health Care,United States,6,0.068,0.068,0.43044000000000004,0.56956
184,6,185,LAC,Nick Niemann\NiemNi00,LB,23.0,2021.0,0,0,0,1.0,1.0,17.0,0.0,0.0,0.0,0.0,0.0,0.0,0.0,0.0,0.0,0.0,0.0,15.0,1.0,,Iowa,College Stats,6,17.0,Buffalo Bills,2022.0,0.005666666666666667,0.005666666666666667,0.035870000000000006,0.96413,26.878449958182323,"Apr 23, 2021",RAIN,"Rain Therapeutics, Inc.",17.0,4.0,-0.765,Biotechnology,Health Care,United States,6,0.068,0.068,0.43044000000000004,0.56956
185,6,186,NYJ,Hamsah Nasirildeen\NasiHa00,DB,22.0,2021.0,0,0,0,1.0,1.0,12.0,0.0,0.0,0.0,0.0,0.0,0.0,0.0,0.0,0.0,0.0,0.0,3.0,,,Florida St.,College Stats,6,17.0,Chicago Bears,2022.0,0.005666666666666667,0.005666666666666667,0.035870000000000006,0.96413,26.878449958182323,"Jun 25, 2021",GRPH,"Graphite Bio, Inc.",17.0,4.02,-0.763,Biotechnology,Health Care,United States,6,0.068,0.068,0.43044000000000004,0.56956
189,6,190,CIN,Trey Hill\HillTr03,OL,21.0,2021.0,0,0,0,2.0,2.0,13.0,0.0,0.0,0.0,0.0,0.0,0.0,0.0,0.0,0.0,0.0,0.0,,,,Georgia,College Stats,6,15.0,Atlanta Falcons,2022.0,0.005,0.01,0.03165,1.96835,62.19115323854661,"Mar 12, 2021",HAYW,"Hayward Holdings, Inc.",17.0,16.045,-0.055999999999999994,Leisure Products,Consumer Discretionary,United States,6,0.068,0.136,0.43044000000000004,1.56956
190,6,191,PHI,Tarron Jackson\JackTa02,DE,23.0,2021.0,0,0,0,1.0,1.0,17.0,0.0,0.0,0.0,0.0,0.0,0.0,0.0,0.0,0.0,0.0,0.0,11.0,,1.0,Coastal Carolina,College Stats,6,15.0,Baltimore Ravens,2022.0,0.005,0.005,0.03165,0.96835,30.595576619273306,"May 7, 2021",TALS,"Talaris Therapeutics, Inc.",17.0,7.24,-0.574,Biotechnology,Health Care,United States,6,0.068,0.068,0.43044000000000004,0.56956
191,6,192,DAL,Quinton Bohanna\BohaQu00,DT,22.0,2021.0,0,0,0,2.0,2.0,14.0,0.0,0.0,0.0,0.0,0.0,0.0,0.0,0.0,0.0,0.0,0.0,3.0,,,Kentucky,College Stats,6,15.0,Minnesota Vikings,2022.0,0.005,0.01,0.03165,1.96835,62.19115323854661,"Feb 5, 2021",TERN,"Terns Pharmaceuticals, Inc.",17.0,2.15,-0.873,Biotechnology,Health Care,United States,6,0.068,0.136,0.43044000000000004,1.56956
193,6,194,SFO,Elijah Mitchell\MitcEl00,RB,23.0,2021.0,0,0,0,7.0,7.0,11.0,0.0,0.0,0.0,0.0,0.0,207.0,963.0,5.0,19.0,137.0,1.0,,,,Louisiana,College Stats,7,14.0,Philadelphia Eagles,2022.0,0.004666666666666667,0.03266666666666667,0.029540000000000004,6.97046,235.96682464454975,"Apr 16, 2021",BMEA,"Biomea Fusion, Inc.",17.0,3.23,-0.81,Biotechnology,Health Care,United States,7,0.068,0.47600000000000003,0.43044000000000004,6.56956
194,6,195,HOU,Roy Lopez\LopeRo00,DL,24.0,2021.0,0,0,1,6.0,6.0,16.0,0.0,0.0,0.0,0.0,0.0,0.0,0.0,0.0,0.0,0.0,0.0,20.0,,1.0,Arizona,College Stats,7,13.0,Los Angeles Chargers,2022.0,0.004333333333333333,0.026,0.02743,5.97257,217.7386073641998,"Feb 4, 2021",ATC,Atotech Limited,17.0,21.635,0.273,Electronic Components,Technology,United States,7,0.068,0.40800000000000003,0.43044000000000004,5.56956
197,6,198,LAC,Larry Rountree\RounLa00,RB,22.0,2021.0,0,0,0,1.0,1.0,12.0,0.0,0.0,0.0,0.0,0.0,36.0,87.0,1.0,1.0,-1.0,0.0,,,,Missouri,College Stats,7,12.0,Jacksonville Jaguars,2022.0,0.004,0.004,0.025320000000000002,0.97468,38.494470774091624,"Jun 11, 2021",JANX,"Janux Therapeutics, Inc.",17.0,13.65,-0.19699999999999998,Biotechnology,Health Care,United States,7,0.068,0.068,0.43044000000000004,0.56956
199,6,200,NYJ,Brandin Echols\EchoBr00,CB,23.0,2021.0,0,0,1,4.0,4.0,14.0,0.0,0.0,0.0,0.0,0.0,0.0,0.0,0.0,0.0,0.0,0.0,50.0,2.0,,Kentucky,College Stats,7,11.0,New England Patriots,2022.0,0.0036666666666666666,0.014666666666666666,0.02321,3.97679,171.33950883239982,"Jan 22, 2021",PAX,Patria Investments Limited,17.0,16.28,-0.042,Asset Management,Financial Services,United States,7,0.068,0.272,0.43044000000000004,3.56956
201,6,202,CIN,Chris Evans\EvanCh02,RB,23.0,2021.0,0,0,0,2.0,2.0,14.0,0.0,0.0,0.0,0.0,0.0,17.0,77.0,0.0,15.0,151.0,2.0,4.0,,,Michigan,College Stats,7,11.0,Dallas Cowboys,2022.0,0.0036666666666666666,0.007333333333333333,0.02321,1.97679,85.16975441619991,"Apr 9, 2021",VECT,VectivBio Holding AG,17.0,5.1,-0.7,Biotechnology,Health Care,United States,7,0.068,0.136,0.43044000000000004,1.56956
203,6,204,CAR,Shi Smith\SmitSh03,WR,22.0,2021.0,0,0,0,1.0,1.0,6.0,0.0,0.0,0.0,0.0,0.0,1.0,-3.0,0.0,6.0,104.0,0.0,1.0,,,South Carolina,College Stats,7,10.0,Tennessee Titans,2022.0,0.0033333333333333335,0.0033333333333333335,0.0211,0.9789,46.39336492890995,"Aug 6, 2021",ADGI,"Adagio Therapeutics, Inc.",17.0,2.935,-0.8270000000000001,Biotechnology,Health Care,United States,7,0.068,0.068,0.43044000000000004,0.56956
205,6,206,NOR,Landon Young\YounLa00,T,24.0,2021.0,0,0,0,1.0,1.0,10.0,0.0,0.0,0.0,0.0,0.0,0.0,0.0,0.0,0.0,0.0,0.0,,,,Kentucky,College Stats,7,9.0,Philadelphia Eagles,2022.0,0.003,0.003,0.01899,0.98101,51.65929436545551,"Feb 10, 2021",BPTS,Biophytis S.A.,16.75,1.875,-0.888,Biotechnology,Health Care,France,7,0.067,0.067,0.42411000000000004,0.57589
207,6,208,SEA,Stone Forsythe\ForsSt00,OL,23.0,2021.0,0,0,0,1.0,1.0,10.0,0.0,0.0,0.0,0.0,0.0,0.0,0.0,0.0,0.0,0.0,0.0,,,,Florida,College Stats,7,8.0,Kansas City Chiefs,2022.0,0.0026666666666666666,0.0026666666666666666,0.01688,0.98312,58.241706161137444,"Oct 15, 2021",FNA,"Paragon 28, Inc.",16.0,18.89,0.18100000000000002,Medical Devices,Health Care,United States,7,0.064,0.064,0.40512000000000004,0.59488
209,6,210,ARI,Victor Dimukeje\DimuVi00,DE,21.0,2021.0,0,0,0,1.0,1.0,14.0,0.0,0.0,0.0,0.0,0.0,0.0,0.0,0.0,0.0,0.0,0.0,,,,Duke,College Stats,7,7.0,New England Patriots,2022.0,0.0023333333333333335,0.0023333333333333335,0.014770000000000002,0.98523,66.70480704129993,"Jun 23, 2021",CXM,"Sprinklr, Inc.",16.0,12.99,-0.188,Software-Application,Technology,United States,7,0.064,0.064,0.40512000000000004,0.59488
210,6,211,CLE,Demetric Felton\FeltDe00,RB,23.0,2021.0,0,0,0,2.0,2.0,16.0,0.0,0.0,0.0,0.0,0.0,7.0,24.0,0.0,18.0,181.0,2.0,2.0,,,UCLA,College Stats,7,7.0,Los Angeles Rams,2022.0,0.0023333333333333335,0.004666666666666667,0.014770000000000002,1.98523,134.40961408259986,"Jun 25, 2021",ELEV,"Elevation Oncology, Inc.",16.0,2.3,-0.856,Biotechnology,Health Care,United States,7,0.064,0.128,0.40512000000000004,1.5948799999999999
211,6,212,BUF,Damar Hamlin\HamlDa00,DB,23.0,2021.0,0,0,0,1.0,1.0,14.0,0.0,0.0,0.0,0.0,0.0,0.0,0.0,0.0,0.0,0.0,0.0,2.0,,,Pittsburgh,College Stats,7,7.0,Los Angeles Rams,2022.0,0.0023333333333333335,0.0023333333333333335,0.014770000000000002,0.98523,66.70480704129993,"Feb 12, 2021",TLIS,Talis Biomedical Corporation,16.0,1.09,-0.932,Medical Devices,Health Care,United States,7,0.064,0.064,0.40512000000000004,0.59488
215,6,216,PIT,Quincy Roche\RochQu00,DL,23.0,2021.0,0,0,0,2.0,,14.0,0.0,0.0,0.0,0.0,0.0,0.0,0.0,0.0,0.0,0.0,0.0,23.0,,2.5,Miami (FL),College Stats,7,5.0,Indianapolis Colts,2022.0,0.0016666666666666668,0.0033333333333333335,0.01055,1.98945,188.57345971563979,"Oct 1, 2021",PYXS,"Pyxis Oncology, Inc.",16.0,2.78,-0.826,Biotechnology,Health Care,United States,7,0.064,0.128,0.40512000000000004,1.5948799999999999
216,6,217,CHI,Khalil Herbert\HerbKh00,RB,23.0,2021.0,0,0,0,3.0,3.0,17.0,0.0,0.0,0.0,0.0,0.0,103.0,433.0,2.0,14.0,96.0,0.0,1.0,,,Virginia Tech,College Stats,7,5.0,Detroit Lions,2022.0,0.0016666666666666668,0.005,0.01055,2.98945,283.3601895734597,"Nov 11, 2021",BLZE,"Backblaze, Inc.",16.0,10.0,-0.375,Software-Infrastructure,Technology,United States,7,0.064,0.192,0.40512000000000004,2.59488
219,6,220,GNB,Isaiah McDuffie\McDuIs00,LB,22.0,2021.0,0,0,0,1.0,1.0,13.0,0.0,0.0,0.0,0.0,0.0,0.0,0.0,0.0,0.0,0.0,0.0,,,,Boston Col.,College Stats,7,3.0,San Francisco 49ers,2022.0,0.001,0.001,0.0063300000000000006,0.99367,156.9778830963665,"Dec 8, 2021",REFI,"Chicago Atlantic Real Estate Finance, Inc.",16.0,18.0,0.125,REIT-Mortgage,Real Estate,United States,7,0.064,0.064,0.40512000000000004,0.59488
224,6,225,WAS,Camaron Cheeseman\CheeCa00,LS,23.0,2021.0,0,0,0,1.0,1.0,17.0,0.0,0.0,0.0,0.0,0.0,0.0,0.0,0.0,0.0,0.0,0.0,,,,Michigan,College Stats,,,,,,,,,,"May 5, 2021",HNST,"The Honest Company, Inc.",16.0,4.12,-0.743,Specialty Retail,Consumer Cyclical,United States,8,0.064,0.064,0.40512000000000004,0.59488
