,season,team,round,pick,pfr_id,pfr_name,player_id,side,category,position
6,1980,ATL,1,7,MillJu00,Junior Miller,,O,TE,TE
4,1980,BAL,1,5,DickCu00,Curtis Dickey,,O,RB,RB
23,1980,BAL,1,24,HatcDe20,Derrick Hatchett,,D,DB,DB
26,1980,BAL1,1,27,WhitCh00,Charles White,,O,RB,RB
15,1980,BUF,1,16,RitcJi00,Jim Ritcher,,O,OL,G
18,1980,CHI,1,19,WilsOt00,Otis Wilson,,D,LB,LB
2,1980,CIN,1,3,MunoAn00,Anthony Munoz,,O,OL,T
0,1980,DET,1,1,SimsBi00,Billy Sims,,O,RB,RB
3,1980,GB,1,4,ClarBr23,Bruce Clark,,D,DL,DE
25,1980,GB,1,26,CumbGe20,George Cumby,,D,LB,LB
10,1980,KC,1,11,BuddBr20,Brad Budde,,O,OL,G
14,1980,LARD,1,15,WilsMa00,Marc Wilson,,O,QB,QB
5,1980,LARM,1,6,GreeCu21,Curtis Greer,,D,DL,DE
16,1980,LARM,1,17,JohnJo23,Johnnie Johnson,,D,DB,DB
20,1980,MIA,1,21,McNeDo20,Don McNeal,,D,DB,DB
8,1980,MIN,1,9,MartDo21,Doug Martin,,D,DL,DE
13,1980,NE,1,14,JameRo20,Roland James,,D,DB,DB
24,1980,NE,1,25,FergVa00,Vagas Ferguson,,O,RB,RB
11,1980,NO,1,12,BrocSt20,Stan Brock,,O,OL,T
7,1980,NYG,1,8,HaynMa00,Mark Haynes,,D,DB,DB
1,1980,NYJ,1,2,JoneLa00,Lam Jones,,O,WR,WR
22,1980,PHI,1,23,YounRo00,Roynell Young,,D,DB,DB
27,1980,PIT,1,28,MaloMa00,Mark Malone,,O,QB,QB
9,1980,SEA,1,10,GreeJa01,Jacob Green,,D,DL,DE
12,1980,SF,1,13,CoopEa00,Earl Cooper,,O,RB,RB
19,1980,SF,1,20,StucJi20,Jim Stuckey,,D,DL,DE
21,1980,TB,1,22,SnelRa20,Ray Snell,,O,OL,G
17,1980,WAS,1,18,MonkAr00,Art Monk,,O,WR,WR
357,1981,ATL,1,25,ButlBo21,Bobby Butler,,D,DB,DB
344,1981,BAL,1,12,McMiRa00,Randy McMillan,,O,RB,RB
350,1981,BAL,1,18,ThomDo25,Donnell Thompson,,D,DL,DE
354,1981,BAL1,1,22,DixoHa00,Hanford Dixon,,D,DB,DB
360,1981,BUF,1,28,MoorBo00,Booker Moore,,O,RB,RB
343,1981,CHI,1,11,VanHKe20,Keith Van Horne,,O,OL,T
342,1981,CIN,1,10,VersDa00,David Verser,,O,WR,WR
358,1981,DAL,1,26,RichHo20,Howard Richards,,O,OL,G
347,1981,DEN,1,15,SmitDe01,Dennis Smith,,D,DB,DB
348,1981,DET,1,16,NichMa00,Mark Nichols,,O,WR,WR
338,1981,GB,1,6,CampRi00,Rich Campbell,,O,QB,QB
346,1981,KC,1,14,ScotWi00,Willie Scott,,O,TE,TE
353,1981,LARD,1,21,WattTe20,Ted Watts,,D,DB,DB
355,1981,LARD,1,23,MarsCu20,Curt Marsh,,O,OL,G
337,1981,LARM,1,5,JuniE.00,E.J. Junior,,D,LB,LB
341,1981,LARM,1,9,OwenMe20,Mel Owens,,D,LB,LB
345,1981,MIA,1,13,OverDa00,David Overstreet,,O,RB,RB
351,1981,NE,1,19,HollBr00,Brian Holloway,,O,OL,T
333,1981,NO,1,1,RogeGe00,George Rogers,,O,RB,RB
334,1981,NYG,1,2,TaylLa00,Lawrence Taylor,,D,LB,LB
335,1981,NYJ,1,3,McNeFr00,Freeman McNeil,,O,RB,RB
359,1981,PHI,1,27,MitcLe20,Leonard Mitchell,,O,OL,T
349,1981,PIT,1,17,GaryKe20,Keith Gary,,D,DL,DE
356,1981,SD,1,24,BrooJa00,James Brooks,,O,RB,RB
336,1981,SEA,1,4,EaslKe00,Kenny Easley,,D,DB,DB
340,1981,SF,1,8,LottRo00,Ronnie Lott,,D,DB,DB
339,1981,TB,1,7,GreeHu00,Hugh Green,,D,LB,LB
352,1981,WAS,1,20,MayxMa00,Mark May,,O,OL,G
673,1982,ATL,1,9,RiggGe00,Gerald Riggs,,O,RB,RB
666,1982,BAL,1,2,CookJo20,Johnie Cooks,,D,LB,LB
668,1982,BAL,1,4,SchlAr00,Art Schlichter,,O,QB,QB
667,1982,BAL1,1,3,BankCh01,Chip Banks,,D,LB,LB
683,1982,BUF,1,19,TuttPe00,Perry Tuttle,,O,WR,WR
669,1982,CHI,1,5,McMaJi00,Jim McMahon,,O,QB,QB
690,1982,CIN,1,26,CollGl20,Glen Collins,,D,DL,DE
689,1982,DAL,1,25,HillRo20,Rod Hill,,D,DB,DB
685,1982,DEN,1,21,WillGe00,Gerald Willhite,,O,RB,RB
679,1982,DET,1,15,WillJi21,Jimmy Williams,,D,LB,LB
686,1982,GB,1,22,HallRo20,Ron Hallstrom,,O,OL,G
672,1982,HOU,1,8,MuncMi00,Mike Munchak,,O,OL,G
675,1982,KC,1,11,HancAn00,Anthony Hancock,,O,WR,WR
674,1982,LARD,1,10,AlleMa00,Marcus Allen,,O,RB,RB
678,1982,LARM,1,14,ReddBa00,Barry Redden,,O,RB,RB
680,1982,LARM,1,16,SharLu00,Luis Sharpe,,O,OL,T
688,1982,MIA,1,24,FostRo00,Roy Foster,,O,OL,G
671,1982,MIN,1,7,NelsDa00,Darrin Nelson,,O,RB,RB
665,1982,NE,1,1,SimsKe21,Kenneth Sims,,D,DL,DE
691,1982,NE,1,27,WillLe22,Lester Williams,,D,DL,NT
677,1982,NO,1,13,ScotLi00,Lindsay Scott,,O,WR,WR
682,1982,NYG,1,18,WoolBu00,Butch Woolfolk,,O,RB,RB
687,1982,NYJ,1,23,CrabBo20,Bob Crable,,D,LB,LB
684,1982,PHI,1,20,QuicMi00,Mike Quick,,O,WR,WR
676,1982,PIT,1,12,AberWa00,Walter Abercrombie,,O,RB,RB
670,1982,SEA,1,6,BryaJe20,Jeff Bryant,,D,DL,DE
681,1982,TB,1,17,FarrSe20,Sean Farrell,,O,OL,G
1014,1983,ATL,1,16,PittMi20,Mike Pitts,,D,DL,DT
999,1983,BAL,1,1,ElwaJo00,John Elway,,O,QB,QB
1010,1983,BUF,1,12,HuntTo00,Tony Hunter,,O,TE,TE
1012,1983,BUF,1,14,KellJi00,Jim Kelly,,O,QB,QB
1004,1983,CHI,1,6,CoveJi00,Jimbo Covert,,O,OL,T
1016,1983,CHI,1,18,GaulWi00,Willie Gault,,O,WR,WR
1023,1983,CIN,1,25,RimiDa20,Dave Rimington,,O,OL,C
1021,1983,DAL,1,23,JeffJi20,Jim Jeffcoat,,D,DL,DE
1002,1983,DEN,1,4,HintCh00,Chris Hinton,,O,OL,T
1011,1983,DET,1,13,JoneJa00,James Jones,,O,RB,RB
1009,1983,GB,1,11,LewiTi20,Tim Lewis,,D,DB,DB
1007,1983,HOU,1,9,MattBr00,Bruce Matthews,,O,OL,G
1005,1983,KC,1,7,BlacTo00,Todd Blackledge,,O,QB,QB
1024,1983,LARD,1,26,MoseDo00,Don Mosebar,,O,OL,C
1000,1983,LARM,1,2,DickEr00,Eric Dickerson,,O,RB,RB
1015,1983,LARM,1,17,SmitLe22,Leonard Smith,,D,DB,DB
1025,1983,MIA,1,27,MariDa00,Dan Marino,00-0010379,O,QB,QB
1017,1983,MIN,1,19,BrowJo00,Joey Browner,,D,DB,DB
1013,1983,NE,1,15,EasoTo00,Tony Eason,,O,QB,QB
1008,1983,NYG,1,10,KinaTe00,Terry Kinard,,D,DB,DB
1022,1983,NYJ,1,24,OBriKe00,Ken O'Brien,,O,QB,QB
1006,1983,PHI,1,8,HaddMi00,Michael Haddix,,O,RB,RB
1019,1983,PIT,1,21,RiveGa20,Gabe Rivera,,D,DL,NT
1003,1983,SD,1,5,SmitBi22,Billy Ray Smith,,D,LB,LB
1018,1983,SD,1,20,AndeGa00,Gary Anderson,,O,RB,RB
1020,1983,SD,1,22,ByrdGi00,Gill Byrd,,D,DB,DB
1001,1983,SEA,1,3,WarnCu00,Curt Warner,,O,RB,RB
1026,1983,WAS,1,28,GreeDa00,Darrell Green,,D,DB,DB
1342,1984,ATL,1,9,BryaRi20,Rick Bryan,,D,DL,DE
1359,1984,BUF,1,26,BellGr00,Greg Bell,,O,RB,RB
1344,1984,CHI,1,11,MarsWi00,Wilber Marshall,,D,LB,LB
1340,1984,CIN,1,7,HunlRi20,Ricky Hunley,,D,LB,LB
1349,1984,CIN,1,16,KochPe20,Pete Koch,,D,DL,NT
1361,1984,CIN,1,28,BladBr20,Brian Blados,,O,OL,T
1351,1984,CLE,1,18,RogeDo21,Don Rogers,,D,DB,DB
1358,1984,DAL,1,25,CannBi20,Billy Cannon,,D,LB,LB
1353,1984,DET,1,20,LewiDa01,David Lewis,,O,TE,TE
1345,1984,GB,1,12,CarrAl20,Alphonso Carreker,,D,DL,DE
1335,1984,HOU,1,2,SteiDe20,Dean Steinkuhler,,O,OL,T
1341,1984,IND,1,8,ColeLe21,Leonard Coleman,,D,DB,DB
1352,1984,IND,1,19,SoltRo00,Ron Solt,,O,OL,G
1338,1984,KC,1,5,MaasBi00,Bill Maas,,D,DL,NT
1354,1984,KC,1,21,AltxJo00,John Alt,,O,OL,T
1350,1984,LARM,1,17,DuncCl20,Clyde Duncan,,O,WR,WR
1347,1984,MIA,1,14,ShipJa20,Jackie Shipp,,D,LB,LB
1346,1984,MIN,1,13,MillKe00,Keith Millard,,D,DL,DT
1334,1984,NE,1,1,FryaIr00,Irving Fryar,,O,WR,WR
1336,1984,NYG,1,3,BankCa00,Carl Banks,,D,LB,LB
1360,1984,NYG,1,27,RobeWi00,William Roberts,,O,OL,G
1343,1984,NYJ,1,10,CartRu21,Russell Carter,,D,DB,DB
1348,1984,NYJ,1,15,FaurRo20,Ron Faurot,,D,DL,DE
1337,1984,PHI,1,4,JackKe01,Kenny Jackson,,O,WR,WR
1356,1984,PIT,1,23,LippLo00,Louis Lipps,,O,WR,WR
1339,1984,SD,1,6,CadeMo20,Mossy Cade,,D,DB,DB
1355,1984,SEA,1,22,TaylTe20,Terry Taylor,,D,DB,DB
1357,1984,SF,1,24,ShelTo20,Todd Shell,,D,LB,LB
1671,1985,ATL,1,2,FralBi00,Bill Fralic,,O,OL,G
1670,1985,BUF,1,1,SmitBr00,Bruce Smith,,D,DL,DE
1683,1985,BUF,1,14,BurrDe20,Derrick Burroughs,,D,DB,DB
1691,1985,CHI,1,22,PerrWi20,William Perry,,D,DL,DT
1682,1985,CIN,1,13,BrowEd00,Eddie Brown,,O,WR,WR
1694,1985,CIN,1,25,KingEm20,Emanuel King,,D,LB,LB
1686,1985,DAL,1,17,BrooKe20,Kevin Brooks,,D,DL,DT
1695,1985,DEN,1,26,SeweSt00,Steve Sewell,,O,RB,RB
1675,1985,DET,1,6,BrowLo00,Lomas Brown,,O,OL,T
1676,1985,GB,1,7,RuetKe20,Ken Ruettgers,,O,OL,T
1672,1985,HOU,1,3,ChilRa00,Ray Childress,,D,DL,DT
1680,1985,HOU,1,11,JohnRi21,Richard Johnson,,D,DB,DB
1674,1985,IND,1,5,BickDu00,Duane Bickett,,D,LB,LB
1684,1985,KC,1,15,HortEt00,Ethan Horton,,O,TE,TE
1692,1985,LARD,1,23,HestJe00,Jessie Hester,,O,WR,WR
1687,1985,LARM,1,18,NunnFr20,Freddie Joe Nunn,,D,DL,DE
1690,1985,LARM,1,21,GrayJe00,Jerry Gray,,D,DB,DB
1696,1985,MIA,1,27,HampLo00,Lorenzo Hampton,,O,RB,RB
1673,1985,MIN,1,4,DoleCh00,Chris Doleman,,D,DL,DE
1697,1985,NE,1,28,MatiTr20,Trevor Matich,,O,OL,C
1693,1985,NO,1,24,ToleAl20,Alvin Toles,,D,LB,LB
1688,1985,NYG,1,19,AdamGe00,George Adams,,O,RB,RB
1679,1985,NYJ,1,10,ToonAl00,Al Toon,,O,WR,WR
1678,1985,PHI,1,9,AlleKe21,Kevin Allen,,O,OL,T
1689,1985,PIT,1,20,SimsDa20,Darryl Sims,,D,DL,DE
1681,1985,SD,1,12,LachJi00,Jim Lachey,,O,OL,T
1685,1985,SF,1,16,RiceJe00,Jerry Rice,,O,WR,WR
1677,1985,TB,1,8,HolmRo21,Ron Holmes,,D,DL,DE
2007,1986,ATL,1,2,CasiTo20,Tony Casillas,,D,DL,DT
2022,1986,ATL,1,17,GreeTi20,Tim Green,,D,LB,LB
2021,1986,BUF,1,16,HarmRo00,Ronnie Harmon,,O,RB,RB
2025,1986,BUF,1,20,WolfWi00,Will Wolford,,O,OL,T
2032,1986,CHI,1,27,AndeNe00,Neal Anderson,,O,RB,RB
2016,1986,CIN,1,11,KellJo21,Joe Kelly,,D,LB,LB
2026,1986,CIN,1,21,McGeTi00,Tim McGee,,O,WR,WR
2023,1986,DAL,1,18,SherMi00,Mike Sherrard,,O,WR,WR
2017,1986,DET,1,12,LongCh00,Chuck Long,,O,QB,QB
2008,1986,HOU,1,3,EverJi00,Jim Everett,,O,QB,QB
2009,1986,IND,1,4,HandJo20,Jon Hand,,D,DL,DE
2012,1986,KC,1,7,JozwBr20,Brian Jozwiak,,O,OL,G
2029,1986,LARD,1,24,BuczBo20,Bob Buczkowski,,D,DL,DE
2010,1986,LARM,1,5,BellAn20,Anthony Bell,,D,LB,LB
2028,1986,LARM,1,23,SchaMi20,Mike Schad,,O,OL,G
2019,1986,MIN,1,14,RobiGe20,Gerald Robinson,,D,DL,DE
2031,1986,NE,1,26,DupaRe00,Reggie Dupard,,O,RB,RB
2011,1986,NO,1,6,DombJi20,Jim Dombrowski,,O,OL,G
2024,1986,NYG,1,19,DorsEr20,Eric Dorsey,,D,DL,DE
2027,1986,NYJ,1,22,HaigMi20,Mike Haight,,O,OL,G
2015,1986,PHI,1,10,ByarKe00,Keith Byars,,O,RB,RB
2014,1986,PIT,1,9,RienJo20,John Rienstra,,O,OL,G
2013,1986,SD,1,8,ONeaLe00,Leslie O'Neal,,D,DL,DE
2018,1986,SD,1,13,FitzJa21,James FitzPatrick,,O,OL,T
2020,1986,SEA,1,15,WillJo00,John Williams,,O,RB,RB
2006,1986,TB,1,1,JackBo00,Bo Jackson,,O,RB,RB
2030,1986,TB,1,25,JoneRo22,Rod Jones,,D,DB,DB
2351,1987,ATL,1,13,MillCh00,Chris Miller,00-0011244,O,QB,QB
2346,1987,BUF,1,8,ConlSh00,Shane Conlan,,D,LB,LB
2364,1987,CHI,1,26,HarbJi00,Jim Harbaugh,00-0006808,O,QB,QB
2355,1987,CIN,1,17,BuckJa20,Jason Buck,,D,DL,DE
2343,1987,CLE,1,5,JunkMi20,Mike Junkin,,D,LB,LB
2350,1987,DAL,1,12,NoonDa20,Danny Noonan,,D,DL,DT
2365,1987,DEN,1,27,NattRi00,Ricky Nattiel,,O,WR,WR
2345,1987,DET,1,7,RogeRe20,Reggie Rogers,,D,DL,DE
2342,1987,GB,1,4,FullBr00,Brent Fullwood,,O,RB,RB
2341,1987,HOU,1,3,HighAl00,Alonzo Highsmith,,O,RB,RB
2358,1987,HOU,1,20,JeffHa00,Haywood Jeffires,,O,WR,WR
2340,1987,IND,1,2,BennCo00,Cornelius Bennett,,D,LB,LB
2357,1987,KC,1,19,PalmPa00,Paul Palmer,,O,RB,RB
2353,1987,LARD,1,15,ClayJo20,John Clay,,O,OL,T
2344,1987,LARM,1,6,StouKe00,Kelly Stouffer,,O,QB,QB
2354,1987,MIA,1,16,BosaJo20,John Bosa,,D,DL,DE
2352,1987,MIN,1,14,DoziDJ00,D.J. Dozier,,O,RB,RB
2361,1987,NE,1,23,ArmsBr00,Bruce Armstrong,,O,OL,T
2349,1987,NO,1,11,KnigSh20,Shawn Knight,,D,DL,DE
2366,1987,NYG,1,28,IngrMa00,Mark Ingram,,O,WR,WR
2359,1987,NYJ,1,21,VickRo00,Roger Vick,,O,RB,RB
2347,1987,PHI,1,9,BrowJe00,Jerome Brown,,D,DL,DT
2348,1987,PIT,1,10,WoodRo01,Rod Woodson,,D,DB,DB
2362,1987,SD,1,24,BernRo00,Rod Bernstine,,O,RB,RB
2356,1987,SEA,1,18,WoodTo20,Tony Woods,,D,DL,DE
2360,1987,SF,1,22,BartHa00,Harris Barton,,O,OL,T
2363,1987,SF,1,25,FlagTe00,Terrence Flagler,,O,RB,RB
2339,1987,TB,1,1,TestVi00,Vinny Testaverde,00-0016193,O,QB,QB
2672,1988,ATL,1,1,BrucAu20,Aundray Bruce,,D,LB,LB
2694,1988,CHI,1,23,MustBr00,Brad Muster,,O,RB,RB
2698,1988,CHI,1,27,DaviWe00,Wendell Davis,,O,WR,WR
2676,1988,CIN,1,5,DixoRi21,Rickey Dixon,,D,DB,DB
2692,1988,CLE,1,21,CharCl20,Clifford Charlton,,D,LB,LB
2682,1988,DAL,1,11,IrviMi00,Michael Irvin,,O,WR,WR
2697,1988,DEN,1,26,GregTe20,Ted Gregory,,D,DL,NT
2674,1988,DET,1,3,BladBe00,Bennie Blades,,D,DB,DB
2678,1988,GB,1,7,SharSt00,Sterling Sharpe,,O,WR,WR
2693,1988,HOU,1,22,WhitLo00,Lorenzo White,,O,RB,RB
2673,1988,KC,1,2,SmitNe00,Neil Smith,,D,DL,DE
2677,1988,LARD,1,6,BrowTi00,Tim Brown,,O,WR,WR
2680,1988,LARD,1,9,McDaTe00,Terry McDaniel,,D,DB,DB
2696,1988,LARD,1,25,DaviSc20,Scott Davis,,D,DL,DT
2685,1988,LARM,1,14,GreeGa00,Gaston Green,,O,RB,RB
2691,1988,LARM,1,20,CoxxAa00,Aaron Cox,,O,WR,WR
2687,1988,MIA,1,16,KumeEr20,Eric Kumerow,,D,DL,DE
2690,1988,MIN,1,19,McDaRa00,Randall McDaniel,,O,OL,G
2688,1988,NE,1,17,StepJo00,John Stephens,,O,RB,RB
2695,1988,NO,1,24,HeywCr00,Craig Heyward,,O,RB,RB
2681,1988,NYG,1,10,MoorEr20,Eric Moore,,O,OL,G
2679,1988,NYJ,1,8,CadiDa20,Dave Cadigan,,O,OL,G
2684,1988,PHI,1,13,JackKe00,Keith Jackson,,O,TE,TE
2683,1988,PHO,1,12,HarvKe00,Ken Harvey,,D,LB,LB
2689,1988,PIT,1,18,JoneAa20,Aaron Jones,,D,DL,DE
2686,1988,SD,1,15,MillAn00,Anthony Miller,,O,WR,WR
2675,1988,TB,1,4,GrubPa20,Paul Gruber,,O,OL,T
3009,1989,ATL,1,5,SandDe00,Deion Sanders,,D,DB,DB
3031,1989,ATL,1,27,CollSh00,Shawn Collins,,O,WR,WR
3015,1989,CHI,1,11,WoolDo00,Donnell Woolford,,D,DB,DB
3016,1989,CHI,1,12,ArmsTr00,Trace Armstrong,,D,DL,DE
3017,1989,CLE,1,13,MetcEr00,Eric Metcalf,,O,RB,RB
3005,1989,DAL,1,1,AikmTr00,Troy Aikman,00-0000104,O,QB,QB
3024,1989,DEN,1,20,AtwaSt00,Steve Atwater,,D,DB,DB
3007,1989,DET,1,3,SandBa00,Barry Sanders,,O,RB,RB
3006,1989,GB,1,2,MandTo20,Tony Mandarich,,O,OL,T
3027,1989,HOU,1,23,WillDa23,David Williams,,O,OL,T
3026,1989,IND,1,22,RisoAn00,Andre Rison,,O,WR,WR
3008,1989,KC,1,4,ThomDe01,Derrick Thomas,,D,LB,LB
3025,1989,LARM,1,21,HawkBi20,Bill Hawkins,,D,DL,DE
3030,1989,LARM,1,26,GaryCl00,Cleveland Gary,,O,RB,RB
3013,1989,MIA,1,9,SmitSa00,Sammie Smith,,O,RB,RB
3029,1989,MIA,1,25,OlivLo20,Louis Oliver,,D,DB,DB
3020,1989,NE,1,16,DykeHa00,Hart Lee Dykes,,O,WR,WR
3023,1989,NO,1,19,MartWa00,Wayne Martin,,D,DL,DE
3022,1989,NYG,1,18,WillBr25,Brian Williams,,O,OL,C
3018,1989,NYJ,1,14,LageJe20,Jeff Lageman,,D,DL,DE
3014,1989,PHO,1,10,HillEr20,Eric Hill,,D,LB,LB
3021,1989,PHO,1,17,WolfJo20,Joe Wolf,,O,OL,T
3011,1989,PIT,1,7,WorlTi00,Tim Worley,,O,RB,RB
3028,1989,PIT,1,24,RickTo20,Tom Ricketts,,O,OL,G
3012,1989,SD,1,8,GrosBu20,Burt Grossman,,D,DL,DE
3019,1989,SEA,1,15,HeckAn20,Andy Heck,,O,OL,T
3032,1989,SF,1,28,DeLoKe20,Keith DeLong,,D,LB,LB
3010,1989,TB,1,6,ThomBr20,Broderick Thomas,,D,LB,LB
3359,1990,ATL,1,20,BrouSt00,Steve Broussard,,O,RB,RB
3355,1990,BUF,1,16,WillJa23,James Williams,,D,DB,DB
3345,1990,CHI,1,6,CarrMa01,Mark Carrier,,D,DB,DB
3351,1990,CIN,1,12,FranJa20,James Francis,,D,LB,LB
3356,1990,DAL,1,17,SmitEm00,Emmitt Smith,,O,RB,RB
3346,1990,DET,1,7,WareAn00,Andre Ware,,O,QB,QB
3357,1990,GB,1,18,BennTo21,Tony Bennett,,D,DL,DE
3358,1990,GB,1,19,ThomDa01,Darrell Thompson,,O,RB,RB
3354,1990,HOU,1,15,LathLa00,Lamar Lathon,,D,LB,LB
3340,1990,IND,1,1,GeorJe00,Jeff George,00-0005885,O,QB,QB
3352,1990,KC,1,13,SnowPe20,Percy Snow,,D,LB,LB
3350,1990,LARD,1,11,SmitAn20,Anthony Smith,,D,DL,DE
3362,1990,LARM,1,23,BrosBe20,Bern Brostek,,O,OL,C
3348,1990,MIA,1,9,WebbRi00,Richmond Webb,,O,OL,T
3347,1990,NE,1,8,SingCh20,Chris Singleton,,D,LB,LB
3349,1990,NE,1,10,AgneRa20,Ray Agnew,,D,DL,DT
3353,1990,NO,1,14,TurnRe00,Renaldo Turnbull,,D,DL,DE
3363,1990,NYG,1,24,HampRo00,Rodney Hampton,,O,RB,RB
3341,1990,NYJ,1,2,ThomBl00,Blair Thomas,,O,RB,RB
3361,1990,PHI,1,22,SmitBe21,Ben Smith,,D,DB,DB
3360,1990,PIT,1,21,GreeEr00,Eric Green,,O,TE,TE
3344,1990,SD,1,5,SeauJu00,Junior Seau,,D,LB,LB
3342,1990,SEA,1,3,KennCo00,Cortez Kennedy,,D,DL,DT
3364,1990,SF,1,25,CartDe00,Dexter Carter,,O,RB,RB
3343,1990,TB,1,4,McCaKe21,Keith McCants,,D,DL,DE
3673,1991,ATL,1,3,PickBr20,Bruce Pickens,,D,DB,DB
3683,1991,ATL,1,13,PritMi00,Mike Pritchard,,O,WR,WR
3696,1991,BUF,1,26,JoneHe00,Henry Jones,,D,DB,DB
3692,1991,CHI,1,22,ThomSt20,Stan Thomas,,O,OL,T
3688,1991,CIN,1,18,WillAl00,Alfred Williams,,D,DL,DE
3672,1991,CLE,1,2,TurnEr00,Eric Turner,,D,DB,DB
3671,1991,DAL,1,1,MaryRu00,Russell Maryland,,D,DL,DT
3682,1991,DAL,1,12,HarpAl00,Alvin Harper,,O,WR,WR
3690,1991,DAL,1,20,PritKe20,Kelvin Pritchett,,D,DL,DT
3674,1991,DEN,1,4,CroeMi20,Mike Croel,,D,LB,LB
3680,1991,DET,1,10,MoorHe00,Herman Moore,,O,WR,WR
3689,1991,GB,1,19,ClarVi20,Vinnie Clark,,D,DB,DB
3691,1991,KC,1,21,WillHa00,Harvey Williams,,O,RB,RB
3694,1991,LARD,1,24,MariTo00,Todd Marinovich,,O,QB,QB
3675,1991,LARM,1,5,LyghTo00,Todd Lyght,,D,DB,DB
3693,1991,MIA,1,23,HillRa00,Randal Hill,,O,WR,WR
3681,1991,NE,1,11,HarlPa20,Pat Harlow,,O,OL,T
3684,1991,NE,1,14,RussLe00,Leonard Russell,,O,RB,RB
3697,1991,NYG,1,27,BuncJa00,Jarrod Bunch,,O,RB,RB
3678,1991,PHI,1,8,DaviAn25,Antone Davis,,O,OL,T
3676,1991,PHO,1,6,SwanEr00,Eric Swann,,D,DL,DT
3685,1991,PIT,1,15,RichHu20,Huey Richardson,,D,LB,LB
3679,1991,SD,1,9,RichSt20,Stanley Richard,,D,DB,DB
3686,1991,SEA,1,16,McGwDa00,Dan McGwire,,O,QB,QB
3695,1991,SF,1,25,WashTe01,Ted Washington,,D,DL,NT
3677,1991,TB,1,7,McRaCh20,Charles McRae,,O,OL,T
3687,1991,WAS,1,17,WilsBo21,Bobby Wilson,,D,DL,DT
4012,1992,ATL,1,8,WhitBo23,Bob Whitfield,,O,OL,T
4023,1992,ATL,1,19,SmitTo00,Tony Smith,,O,RB,RB
4031,1992,BUF,1,27,FinaJo20,John Fina,,O,OL,T
4026,1992,CHI,1,22,SpelAl20,Alonzo Spellman,,D,DL,DE
4010,1992,CIN,1,6,KlinDa00,David Klingler,,O,QB,QB
4032,1992,CIN,1,28,WillDa03,Darryl Williams,,D,DB,DB
4013,1992,CLE,1,9,VardTo00,Tommy Vardell,,O,RB,RB
4021,1992,DAL,1,17,SmitKe26,Kevin Smith,,D,DB,DB
4028,1992,DAL,1,24,JoneRo21,Robert Jones,,D,LB,LB
4029,1992,DEN,1,25,MaddTo00,Tommy Maddox,00-0010261,O,QB,QB
4030,1992,DET,1,26,PorcRo00,Robert Porcher,,D,DL,DE
4009,1992,GB,1,5,BuckTe20,Terrell Buckley,,D,DB,DB
4005,1992,IND,1,1,EmtmSt20,Steve Emtman,,D,DL,DE
4006,1992,IND,1,2,CoryQu20,Quentin Coryatt,,D,LB,LB
4024,1992,KC,1,20,CartDa00,Dale Carter,,D,DB,DB
4020,1992,LARD,1,16,McGlCh00,Chester McGlockton,,D,DL,DT
4007,1992,LARM,1,3,GilbSe00,Sean Gilbert,,D,DL,DT
4011,1992,MIA,1,7,VincTr00,Troy Vincent,,D,DB,DB
4016,1992,MIA,1,12,ColeMa00,Marco Coleman,,D,DL,DE
4017,1992,NE,1,13,ChunEu20,Eugene Chung,,O,OL,G
4025,1992,NO,1,21,DunbVa00,Vaughn Dunbar,,O,RB,RB
4018,1992,NYG,1,14,BrowDe00,Derek Brown,,O,TE,TE
4019,1992,NYJ,1,15,MitcJo00,Johnny Mitchell,,O,TE,TE
4015,1992,PIT,1,11,SearLe00,Leon Searcy,,O,OL,T
4027,1992,SD,1,23,MimsCh20,Chris Mims,,D,DL,DE
4014,1992,SEA,1,10,RobeRa20,Ray Roberts,,O,OL,T
4022,1992,SF,1,18,HallDa20,Dana Hall,,D,DB,DB
4008,1992,WAS,1,4,HowaDe00,Desmond Howard,,O,WR,WR
4349,1993,ATL,1,9,KennLi00,Lincoln Kennedy,,O,OL,T
4368,1993,BUF,1,28,SmitTh21,Thomas Smith,,D,DB,DB
4347,1993,CHI,1,7,ConwCu00,Curtis Conway,,O,WR,WR
4345,1993,CIN,1,5,CopeJo20,John Copeland,,D,DL,DE
4354,1993,CLE,1,14,EverSt20,Steve Everitt,,O,OL,C
4351,1993,DEN,1,11,WillDa20,Dan Williams,,D,DL,DE
4355,1993,GB,1,15,SimmWa20,Wayne Simmons,,D,LB,LB
4369,1993,GB,1,29,TeagGe20,George Teague,,D,DB,DB
4353,1993,HOU,1,13,HopkBr00,Brad Hopkins,,O,OL,T
4356,1993,IND,1,16,DawkSe00,Sean Dawkins,,O,WR,WR
4352,1993,LARD,1,12,BatePa20,Patrick Bates,,D,DB,DB
4350,1993,LARM,1,10,BettJe00,Jerome Bettis,,O,RB,RB
4365,1993,MIA,1,25,McDuO.00,O.J. McDuffie,,O,WR,WR
4361,1993,MIN,1,21,SmitRo00,Robert Smith,,O,RB,RB
4341,1993,NE,1,1,BledDr00,Drew Bledsoe,00-0001361,O,QB,QB
4348,1993,NO,1,8,RoafWi00,Willie Roaf,,O,OL,T
4360,1993,NO,1,20,SmitIr00,Irv Smith,,O,TE,TE
4344,1993,NYJ,1,4,JoneMa23,Marvin Jones,,D,LB,LB
4359,1993,PHI,1,19,HolmLe20,Lester Holmes,,O,OL,G
4364,1993,PHI,1,24,RenfLe20,Leonard Renfro,,D,DL,DT
4343,1993,PHO,1,3,HearGa00,Garrison Hearst,,O,RB,RB
4358,1993,PHO,1,18,DyexEr20,Ernest Dye,,O,OL,T
4363,1993,PIT,1,23,FiguDe20,Deon Figures,,D,DB,DB
4362,1993,SD,1,22,GordDa20,Darrien Gordon,,D,DB,DB
4342,1993,SEA,1,2,MireRi00,Rick Mirer,00-0011378,O,QB,QB
4366,1993,SF,1,26,StubDa00,Dana Stubblefield,,D,DL,DT
4367,1993,SF,1,27,KellTo20,Todd Kelly,,D,LB,LB
4346,1993,TB,1,6,CurrEr20,Eric Curry,,D,DL,DE
4357,1993,WAS,1,17,CartTo20,Tom Carter,,D,DB,DB
4574,1994,ARI,1,10,MillJa01,Jamir Miller,,D,LB,LB
4591,1994,BUF,1,27,BurrJe20,Jeff Burris,,D,DB,DB
4575,1994,CHI,1,11,ThieJo20,John Thierry,,D,DL,DE
4565,1994,CIN,1,1,WilkDa22,Dan Wilkinson,,D,DL,DT
4573,1994,CLE,1,9,LangAn20,Antonio Langham,,D,DB,DB
4593,1994,CLE,1,29,AlexDe00,Derrick Alexander,,O,WR,WR
4587,1994,DAL,1,23,CarvSh20,Shante Carver,,D,DL,DE
4585,1994,DET,1,21,MortJo00,Johnnie Morton,,O,WR,WR
4580,1994,GB,1,16,TaylAa20,Aaron Taylor,,O,OL,G
4590,1994,HOU,1,26,FordHe21,Henry Ford,,D,DL,DT
4566,1994,IND,1,2,FaulMa00,Marshall Faulk,,O,RB,RB
4569,1994,IND,1,5,AlbeTr20,Trev Alberts,,D,LB,LB
4589,1994,KC,1,25,HillGr00,Greg Hill,,O,RB,RB
4586,1994,LARD,1,22,FredRo20,Rob Fredrickson,,D,LB,LB
4579,1994,LARM,1,15,GandWa20,Wayne Gandy,,O,OL,T
4584,1994,MIA,1,20,BoweTi00,Tim Bowens,,D,DL,DT
4582,1994,MIN,1,18,WashDe20,Dewayne Washington,,D,DB,DB
4583,1994,MIN,1,19,SteuTo00,Todd Steussie,,O,OL,T
4568,1994,NE,1,4,McGiWi00,Willie McGinest,,D,DL,DE
4577,1994,NO,1,13,JohnJo04,Joe Johnson,,D,DL,DE
4588,1994,NYG,1,24,LewiTh00,Thomas Lewis,,O,WR,WR
4576,1994,NYJ,1,12,GlenAa00,Aaron Glenn,,D,DB,DB
4578,1994,PHI,1,14,WillBe21,Bernard Williams,,O,OL,T
4581,1994,PIT,1,17,JohnCh00,Charles Johnson,,O,WR,WR
4572,1994,SEA,1,8,AdamSa00,Sam Adams,,D,DL,DT
4571,1994,SF,1,7,YounBr00,Bryant Young,,D,DL,DT
4592,1994,SF,1,28,FloyWi00,William Floyd,,O,RB,RB
4570,1994,TB,1,6,DilfTr00,Trent Dilfer,00-0004293,O,QB,QB
4567,1994,WAS,1,3,ShulHe00,Heath Shuler,,O,QB,QB
4812,1995,ATL,1,26,BushDe20,Devin Bush,,D,DB,DB
4800,1995,BUF,1,14,BrowRu00,Ruben Brown,,O,OL,G
4791,1995,CAR,1,5,CollKe00,Kerry Collins,00-0003292,O,QB,QB
4808,1995,CAR,1,22,PoolTy20,Tyrone Poole,,D,DB,DB
4815,1995,CAR,1,29,BrocBl20,Blake Brockermeyer,,O,OL,T
4807,1995,CHI,1,21,SalaRa00,Rashaan Salaam,,O,RB,RB
4787,1995,CIN,1,1,CartKi00,Ki-Jana Carter,,O,RB,RB
4816,1995,CLE,1,30,PoweCr20,Craig Powell,,D,LB,LB
4806,1995,DET,1,20,ElliLu00,Luther Elliss,,D,DL,DT
4818,1995,GB,1,32,NewsCr20,Craig Newsome,,D,DB,DB
4789,1995,HOU,1,3,McNaSt00,Steve McNair,00-0011024,O,QB,QB
4801,1995,IND,1,15,JohnEl20,Ellis Johnson,,D,DL,DT
4788,1995,JAX,1,2,BoseTo00,Tony Boselli,,O,OL,T
4805,1995,JAX,1,19,StewJa00,James Stewart,,O,RB,RB
4817,1995,KC,1,31,JenkTr20,Trezelle Jenkins,,O,OL,T
4811,1995,MIA,1,25,MilnBi21,Billy Milner,,O,OL,T
4797,1995,MIN,1,11,AlexDe20,Derrick Alexander,,D,DL,DE
4810,1995,MIN,1,24,StriKo00,Korey Stringer,,O,OL,T
4809,1995,NE,1,23,LawxTy00,Ty Law,,D,DB,DB
4799,1995,NO,1,13,FielMa99,Mark Fields,,D,LB,LB
4803,1995,NYG,1,17,WheaTy00,Tyrone Wheatley,,O,RB,RB
4795,1995,NYJ,1,9,BradKy00,Kyle Brady,,O,TE,TE
4802,1995,NYJ,1,16,DougHu00,Hugh Douglas,,D,DL,DE
4804,1995,OAK,1,18,KaufNa00,Napoleon Kaufman,,O,RB,RB
4793,1995,PHI,1,7,MamuMi20,Mike Mamula,,D,DL,DE
4813,1995,PIT,1,27,BrueMa00,Mark Bruener,,O,TE,TE
4794,1995,SEA,1,8,GallJo00,Joey Galloway,,O,WR,WR
4796,1995,SF,1,10,StokJ.00,J.J. Stokes,,O,WR,WR
4792,1995,STL,1,6,CartKe00,Kevin Carter,,D,DL,DE
4798,1995,TB,1,12,SappWa00,Warren Sapp,,D,DL,DT
4814,1995,TB,1,28,BrooDe00,Derrick Brooks,,D,LB,LB
4790,1995,WAS,1,4,WestMi00,Michael Westbrook,,O,WR,WR
5038,1996,ARI,1,3,RiceSi00,Simeon Rice,,D,DL,DE
5039,1996,BAL,1,4,OgdeJo00,Jonathan Ogden,,O,OL,T
5061,1996,BAL,1,26,LewiRa00,Ray Lewis,,D,LB,LB
5059,1996,BUF,1,24,MoulEr00,Eric Moulds,,O,WR,WR
5043,1996,CAR,1,8,BiakTi00,Tim Biakabutuka,,O,RB,RB
5048,1996,CHI,1,13,HarrWa21,Walt Harris,,D,DB,DB
5045,1996,CIN,1,10,AndeWi00,Willie Anderson,,O,OL,T
5050,1996,DEN,1,15,MoblJo20,John Mobley,,D,LB,LB
5052,1996,DET,1,17,BrowRe22,Reggie Brown,,D,LB,LB
5058,1996,DET,1,23,HartJe55,Jeff Hartings,,O,OL,C
5062,1996,GB,1,27,MichJo21,John Michels,,O,OL,T
5049,1996,HOU,1,14,GeorEd00,Eddie George,,O,RB,RB
5054,1996,IND,1,19,HarrMa00,Marvin Harrison,,O,WR,WR
5037,1996,JAX,1,2,HardKe00,Kevin Hardy,,D,LB,LB
5063,1996,KC,1,28,WoodJe00,Jerome Woods,,D,DB,DB
5055,1996,MIA,1,20,GardDa20,Daryl Gardener,,D,DL,DT
5051,1996,MIN,1,16,ClemDu20,Duane Clemons,,D,DL,DE
5042,1996,NE,1,7,GlenTe00,Terry Glenn,,O,WR,WR
5046,1996,NO,1,11,MoldAl20,Alex Molden,,D,DB,DB
5040,1996,NYG,1,5,JoneCe20,Cedric Jones,,D,DL,DE
5036,1996,NYJ,1,1,JohnKe00,Keyshawn Johnson,,O,WR,WR
5044,1996,OAK,1,9,DudlRi00,Rickey Dudley,,O,TE,TE
5060,1996,PHI,1,25,MaybJe00,Jermane Mayberry,,O,OL,G
5064,1996,PIT,1,29,StepJa20,Jamain Stephens,,O,OL,T
5056,1996,SEA,1,21,KendPe20,Pete Kendall,,O,OL,G
5041,1996,STL,1,6,PhilLa00,Lawrence Phillips,,O,RB,RB
5053,1996,STL,1,18,KennEd00,Eddie Kennison,,O,WR,WR
5047,1996,TB,1,12,UpshRe20,Regan Upshaw,,D,DL,DE
5057,1996,TB,1,22,JoneMa20,Marcus Jones,,D,DL,DE
5065,1996,WAS,1,30,JohnAn20,Andre Johnson,,O,OL,T
5298,1997,ARI,1,9,KnigTo20,Tom Knight,,D,DB,DB
5300,1997,ATL,1,11,BookMi20,Michael Booker,,D,DB,DB
5293,1997,BAL,1,4,BoulPe00,Peter Boulware,,D,LB,LB
5312,1997,BUF,1,23,SmitAn00,Antowain Smith,,O,RB,RB
5316,1997,CAR,1,27,CarrRa00,Rae Carruth,,O,WR,WR
5303,1997,CIN,1,14,WilsRe20,Reinard Wilson,,D,LB,LB
5311,1997,DAL,1,22,LaFlDa00,David LaFleur,,O,TE,TE
5317,1997,DEN,1,28,PrycTr00,Trevor Pryce,,D,DL,DT
5294,1997,DET,1,5,WestBr20,Bryant Westbrook,,D,DB,DB
5319,1997,GB,1,30,VerbRo20,Ross Verba,,O,OL,T
5308,1997,IND,1,19,GlenTa99,Tarik Glenn,,O,OL,T
5310,1997,JAX,1,21,WynnRe20,Renaldo Wynn,,D,DL,DE
5302,1997,KC,1,13,GonzTo00,Tony Gonzalez,,O,TE,TE
5304,1997,MIA,1,15,GreeYa00,Yatil Green,,O,WR,WR
5309,1997,MIN,1,20,RuddDw20,Dwayne Rudd,,D,LB,LB
5318,1997,NE,1,29,CantCh20,Chris Canty,,D,DB,DB
5299,1997,NO,1,10,NaeoCh20,Chris Naeole,,O,OL,G
5296,1997,NYG,1,7,HillIk00,Ike Hilliard,,O,WR,WR
5297,1997,NYJ,1,8,FarrJa99,James Farrior,,D,LB,LB
5291,1997,OAK,1,2,RussDa00,Darrell Russell,,D,DL,DT
5314,1997,PHI,1,25,HarrJo26,Jon Harris,,D,DL,DE
5313,1997,PIT,1,24,ScotCh20,Chad Scott,,D,DB,DB
5292,1997,SEA,1,3,SpriSh00,Shawn Springs,,D,DB,DB
5295,1997,SEA,1,6,JoneWa00,Walter Jones,,O,OL,T
5315,1997,SF,1,26,DrucJi00,Jim Druckenmiller,,O,QB,QB
5290,1997,STL,1,1,PaceOr00,Orlando Pace,,O,OL,T
5301,1997,TB,1,12,DunnWa00,Warrick Dunn,,O,RB,RB
5305,1997,TB,1,16,AnthRe00,Reidel Anthony,,O,WR,WR
5307,1997,TEN,1,18,HolmKe20,Kenny Holmes,,D,DL,DE
5306,1997,WAS,1,17,LangKe20,Kenard Lang,,D,DL,DE
5532,1998,ARI,1,3,WadsAn20,Andre Wadsworth,,D,DL,DE
5541,1998,ATL,1,12,BrooKe00,Keith Brooking,,D,LB,LB
5539,1998,BAL,1,10,StarDu20,Duane Starks,,D,DB,DB
5543,1998,CAR,1,14,PeteJa20,Jason Peter,,D,DL,DE
5534,1998,CHI,1,5,EnisCu00,Curtis Enis,,O,RB,RB
5542,1998,CIN,1,13,SpikTa00,Takeo Spikes,,D,LB,LB
5546,1998,CIN,1,17,SimmBr20,Brian Simmons,,D,LB,LB
5537,1998,DAL,1,8,ElliGr20,Greg Ellis,,D,DL,DE
5559,1998,DEN,1,30,NashMa00,Marcus Nash,,O,WR,WR
5549,1998,DET,1,20,FairTe20,Terry Fair,,D,DB,DB
5548,1998,GB,1,19,HollVo20,Vonnie Holliday,,D,DL,DE
5530,1998,IND,1,1,MannPe00,Peyton Manning,00-0010346,O,QB,QB
5538,1998,JAX,1,9,TaylFr00,Fred Taylor,,O,RB,RB
5554,1998,JAX,1,25,DariDo20,Donovin Darius,,D,DB,DB
5556,1998,KC,1,27,RileVi20,Victor Riley,,O,OL,T
5558,1998,MIA,1,29,AverJo00,John Avery,,O,RB,RB
5550,1998,MIN,1,21,MossRa00,Randy Moss,,O,WR,WR
5547,1998,NE,1,18,EdwaRo00,Robert Edwards,,O,RB,RB
5551,1998,NE,1,22,JoneTe20,Tebucky Jones,,D,DB,DB
5536,1998,NO,1,7,TurlKy20,Kyle Turley,,O,OL,T
5553,1998,NYG,1,24,WillSh20,Shaun Williams,,D,DB,DB
5533,1998,OAK,1,4,WoodCh00,Charles Woodson,,D,DB,DB
5552,1998,OAK,1,23,CollMo20,Mo Collins,,O,OL,G
5540,1998,PHI,1,11,ThomTr00,Tra Thomas,,O,OL,T
5555,1998,PIT,1,26,FaneAl00,Alan Faneca,,O,OL,G
5531,1998,SD,1,2,LeafRy00,Ryan Leaf,00-0009715,O,QB,QB
5544,1998,SEA,1,15,SimmAn20,Anthony Simmons,,D,LB,LB
5557,1998,SF,1,28,McQuR.20,R.W. McQuarters,,D,DB,DB
5535,1998,STL,1,6,WistGr20,Grant Wistrom,,D,DL,DE
5545,1998,TEN,1,16,DysoKe00,Kevin Dyson,,O,WR,WR
5778,1999,ARI,1,8,BostDa00,David Boston,,O,WR,WR
5791,1999,ARI,1,21,ShelL.20,L.J. Shelton,,O,OL,T
5800,1999,ATL,1,30,KernPa99,Patrick Kerney,,D,DL,DE
5780,1999,BAL,1,10,McAlCh00,Chris McAlister,,D,DB,DB
5793,1999,BUF,1,23,WinfAn20,Antoine Winfield,,D,DB,DB
5782,1999,CHI,1,12,McNoCa00,Cade McNown,00-0011044,O,QB,QB
5773,1999,CIN,1,3,SmitAk00,Akili Smith,00-0015082,O,QB,QB
5771,1999,CLE,1,1,CoucTi00,Tim Couch,00-0003535,O,QB,QB
5790,1999,DAL,1,20,EkubEb20,Ebenezer Ekuban,,D,DL,DE
5801,1999,DEN,1,31,WilsAl00,Al Wilson,,D,LB,LB
5779,1999,DET,1,9,ClaiCh20,Chris Claiborne,,D,LB,LB
5797,1999,DET,1,27,GibsAa20,Aaron Gibson,,O,OL,T
5795,1999,GB,1,25,EdwaAn21,Antuan Edwards,,D,DB,DB
5774,1999,IND,1,4,JameEd00,Edgerrin James,,O,RB,RB
5796,1999,JAX,1,26,BryaFe20,Fernando Bryant,,D,DB,DB
5784,1999,KC,1,14,TaitJo20,John Tait,,O,OL,T
5781,1999,MIN,1,11,CulpDa00,Daunte Culpepper,00-0003739,O,QB,QB
5799,1999,MIN,1,29,UndeDi20,Dimitrius Underwood,,D,DL,DT
5787,1999,NE,1,17,WoodDa20,Damien Woody,,O,OL,C
5798,1999,NE,1,28,KatzAn20,Andy Katzenmoyer,,D,LB,LB
5775,1999,NO,1,5,WillRi00,Ricky Williams,,O,RB,RB
5789,1999,NYG,1,19,PetiLu20,Luke Petitgout,,O,OL,T
5788,1999,OAK,1,18,StinMa20,Matt Stinchcomb,,O,OL,G
5772,1999,PHI,1,2,McNaDo00,Donovan McNabb,00-0011022,O,QB,QB
5783,1999,PIT,1,13,EdwaTr00,Troy Edwards,,O,WR,WR
5792,1999,SEA,1,22,KingLa20,Lamar King,,D,DL,DE
5794,1999,SF,1,24,McGrRe20,Reggie McGrew,,D,DL,DT
5776,1999,STL,1,6,HoltTo00,Torry Holt,,O,WR,WR
5785,1999,TB,1,15,McFaAn20,Anthony McFarland,,D,DL,DT
5786,1999,TEN,1,16,KearJe00,Jevon Kearse,,D,DL,DE
5777,1999,WAS,1,7,BailCh00,Champ Bailey,,D,DB,DB
6030,2000,ARI,1,7,JoneTh00,Thomas Jones,,O,RB,RB
6028,2000,BAL,1,5,LewiJa00,Jamal Lewis,,O,RB,RB
6033,2000,BAL,1,10,TaylTr01,Travis Taylor,,O,WR,WR
6049,2000,BUF,1,26,FlowEr20,Erik Flowers,,D,DL,DE
6046,2000,CAR,1,23,AndeRa21,Rashard Anderson,,D,DB,DB
6032,2000,CHI,1,9,UrlaBr00,Brian Urlacher,,D,LB,LB
6027,2000,CIN,1,4,WarrPe00,Peter Warrick,,O,WR,WR
6024,2000,CLE,1,1,BrowCo22,Courtney Brown,,D,DL,DE
6038,2000,DEN,1,15,ONeaDe00,Deltha O'Neal,,D,DB,DB
6043,2000,DET,1,20,McDoSt20,Stockar McDougle,,O,OL,T
6037,2000,GB,1,14,FranBu00,Bubba Franks,,O,TE,TE
6051,2000,IND,1,28,MorrRo20,Rob Morris,,D,LB,LB
6052,2000,JAX,1,29,SowaR.00,R. Jay Soward,,O,WR,WR
6044,2000,KC,1,21,MorrSy00,Sylvester Morris,,O,WR,WR
6048,2000,MIN,1,25,HovaCh20,Chris Hovan,,D,DL,DT
6034,2000,NYG,1,11,DaynRo00,Ron Dayne,,O,RB,RB
6035,2000,NYJ,1,12,ElliSh00,Shaun Ellis,,D,DL,DE
6036,2000,NYJ,1,13,AbraJo00,John Abraham,,D,DL,DE
6041,2000,NYJ,1,18,PennCh01,Chad Pennington,00-0019559,O,QB,QB
6050,2000,NYJ,1,27,BechAn00,Anthony Becht,,O,TE,TE
6040,2000,OAK,1,17,janikseb01,Sebastian Janikowski,,S,K,K
6029,2000,PHI,1,6,SimoCo00,Corey Simon,,D,DL,DT
6031,2000,PIT,1,8,BurrPl00,Plaxico Burress,,O,WR,WR
6042,2000,SEA,1,19,AlexSh00,Shaun Alexander,,O,RB,RB
6045,2000,SEA,1,22,McInCh20,Chris McIntosh,,O,OL,T
6039,2000,SF,1,16,PeteJu00,Julian Peterson,,D,LB,LB
6047,2000,SF,1,24,PlumAh20,Ahmed Plummer,,D,DB,DB
6054,2000,STL,1,31,CaniTr00,Trung Canidate,,O,RB,RB
6053,2000,TEN,1,30,BullKe00,Keith Bulluck,,D,LB,LB
6025,2000,WAS,1,2,ArriLa00,LaVar Arrington,,D,LB,LB
6026,2000,WAS,1,3,SamuCh00,Chris Samuels,,O,OL,T
6279,2001,ARI,1,2,DaviLe21,Leonard Davis,,O,OL,T
6278,2001,ATL,1,1,VickMi00,Michael Vick,00-0020245,O,QB,QB
6308,2001,BAL,1,31,HeapTo00,Todd Heap,,O,TE,TE
6298,2001,BUF,1,21,ClemNa99,Nate Clements,,D,DB,DB
6288,2001,CAR,1,11,MorgDa99,Dan Morgan,,D,LB,LB
6285,2001,CHI,1,8,TerrDa00,David Terrell,,O,WR,WR
6281,2001,CIN,1,4,SmitJu20,Justin Smith,,D,DL,DE
6280,2001,CLE,1,3,WarrGe20,Gerard Warren,,D,DL,DT
6301,2001,DEN,1,24,MiddWi20,Willie Middlebrooks,,D,DB,DB
6295,2001,DET,1,18,BackJe20,Jeff Backus,,O,OL,T
6287,2001,GB,1,10,ReynJa20,Jamal Reynolds,,D,DL,DE
6307,2001,IND,1,30,WaynRe00,Reggie Wayne,,O,WR,WR
6290,2001,JAX,1,13,StroMa01,Marcus Stroud,,D,DL,DT
6303,2001,MIA,1,26,FletJa20,Jamar Fletcher,,D,DB,DB
6304,2001,MIN,1,27,BennMi00,Michael Bennett,,O,RB,RB
6283,2001,NE,1,6,SeymRi00,Richard Seymour,,D,DL,DE
6300,2001,NO,1,23,McAlDe00,Deuce McAllister,,O,RB,RB
6299,2001,NYG,1,22,AlleWi20,Will Allen,,D,DB,DB
6293,2001,NYJ,1,16,MossSa00,Santana Moss,,O,WR,WR
6305,2001,OAK,1,28,GibsDe21,Derrick Gibson,,D,DB,DB
6302,2001,PHI,1,25,MitcFr00,Freddie Mitchell,,O,WR,WR
6296,2001,PIT,1,19,HampCa00,Casey Hampton,,D,DL,NT
6282,2001,SD,1,5,TomlLa00,LaDainian Tomlinson,,O,RB,RB
6286,2001,SEA,1,9,RobiKo00,Koren Robinson,,O,WR,WR
6294,2001,SEA,1,17,HutcSt00,Steve Hutchinson,,O,OL,G
6284,2001,SF,1,7,CartAn20,Andre Carter,,D,DL,DE
6289,2001,STL,1,12,LewiDa20,Damione Lewis,,D,DL,DT
6297,2001,STL,1,20,ArchAd20,Adam Archuleta,,D,DB,DB
6306,2001,STL,1,29,PickRy20,Ryan Pickett,,D,DL,DT
6291,2001,TB,1,14,WalkKe21,Kenyatta Walker,,O,OL,T
6292,2001,WAS,1,15,GardRo00,Rod Gardner,,O,WR,WR
6535,2002,ARI,1,12,BryaWe20,Wendell Bryant,,D,DL,DT
6541,2002,ATL,1,18,DuckT.00,T.J. Duckett,,O,RB,RB
6547,2002,BAL,1,24,ReedEd00,Ed Reed,,D,DB,DB
6527,2002,BUF,1,4,WillMi22,Mike Williams,,O,OL,T
6525,2002,CAR,1,2,PeppJu99,Julius Peppers,,D,DL,DE
6552,2002,CHI,1,29,ColoMa20,Marc Colombo,,O,OL,T
6533,2002,CIN,1,10,JoneLe23,Levi Jones,,O,OL,T
6539,2002,CLE,1,16,GreeWi01,William Green,,O,RB,RB
6531,2002,DAL,1,8,WillRo03,Roy Williams,,D,DB,DB
6542,2002,DEN,1,19,LeliAs00,Ashley Lelie,,O,WR,WR
6526,2002,DET,1,3,HarrJo00,Joey Harrington,00-0021141,O,QB,QB
6543,2002,GB,1,20,WalkJa00,Javon Walker,,O,WR,WR
6524,2002,HOU,1,1,CarrDa00,David Carr,00-0020608,O,QB,QB
6534,2002,IND,1,11,FreeDw00,Dwight Freeney,,D,DL,DE
6532,2002,JAX,1,9,HendJo99,John Henderson,,D,DL,DT
6529,2002,KC,1,6,SimsRy20,Ryan Sims,,D,DL,DT
6530,2002,MIN,1,7,McKiBr21,Bryant McKinnie,,O,OL,T
6544,2002,NE,1,21,GrahDa00,Daniel Graham,,O,TE,TE
6536,2002,NO,1,13,StalDo00,Donte' Stallworth,,O,WR,WR
6548,2002,NO,1,25,GranCh21,Charles Grant,,D,DL,DE
6537,2002,NYG,1,14,ShocJe00,Jeremy Shockey,,O,TE,TE
6545,2002,NYJ,1,22,ThomBr21,Bryan Thomas,,D,DL,DE
6540,2002,OAK,1,17,BuchPh20,Phillip Buchanon,,D,DB,DB
6546,2002,OAK,1,23,HarrNa20,Napoleon Harris,,D,LB,LB
6549,2002,PHI,1,26,ShepLi99,Lito Sheppard,,D,DB,DB
6553,2002,PIT,1,30,SimmKe20,Kendall Simmons,,O,OL,G
6528,2002,SD,1,5,JammQu20,Quentin Jammer,,D,DB,DB
6551,2002,SEA,1,28,StevJe00,Jerramy Stevens,,O,TE,TE
6550,2002,SF,1,27,RumpMi20,Mike Rumph,,D,DB,DB
6554,2002,STL,1,31,ThomRo20,Robert Thomas,,D,LB,LB
6538,2002,TEN,1,15,HaynAl20,Albert Haynesworth,,D,DL,DT
6555,2002,WAS,1,32,RamsPa00,Patrick Ramsey,00-0021379,O,QB,QB
6801,2003,ARI,1,17,JohnBr02,Bryant Johnson,,O,WR,WR
6802,2003,ARI,1,18,PaceCa20,Calvin Pace,,D,DL,DE
6794,2003,BAL,1,10,SuggTe99,Terrell Suggs,,D,LB,LB
6803,2003,BAL,1,19,BollKy00,Kyle Boller,00-0022164,O,QB,QB
6807,2003,BUF,1,23,McGaWi00,Willis McGahee,,O,RB,RB
6792,2003,CAR,1,8,GrosJo20,Jordan Gross,,O,OL,T
6798,2003,CHI,1,14,HaynMi20,Michael Haynes,,D,DL,DE
6806,2003,CHI,1,22,GrosRe00,Rex Grossman,00-0022121,O,QB,QB
6785,2003,CIN,1,1,PalmCa00,Carson Palmer,00-0021429,O,QB,QB
6805,2003,CLE,1,21,FainJe20,Jeff Faine,,O,OL,C
6789,2003,DAL,1,5,NewmTe20,Terence Newman,,D,DB,DB
6804,2003,DEN,1,20,FostGe20,George Foster,,O,OL,T
6786,2003,DET,1,2,RogeCh01,Charles Rogers,,O,WR,WR
6813,2003,GB,1,29,BarnNi20,Nick Barnett,,D,LB,LB
6787,2003,HOU,1,3,JohnAn02,Andre Johnson,,O,WR,WR
6808,2003,IND,1,24,ClarDa00,Dallas Clark,,O,TE,TE
6791,2003,JAX,1,7,LeftBy00,Byron Leftwich,00-0022177,O,QB,QB
6811,2003,KC,1,27,JohnLa00,Larry Johnson,,O,RB,RB
6793,2003,MIN,1,9,WillKe98,Kevin Williams,,D,DL,DT
6797,2003,NE,1,13,WarrTy20,Ty Warren,,D,DL,DE
6790,2003,NO,1,6,SullJo23,Johnathan Sullivan,,D,DL,DT
6809,2003,NYG,1,25,JoseWi20,William Joseph,,D,DL,DT
6788,2003,NYJ,1,4,RobeDe20,Dewayne Robertson,,D,DL,DT
6815,2003,OAK,1,31,AsomNn20,Nnamdi Asomugha,,D,DB,DB
6816,2003,OAK,1,32,BrayTy20,Tyler Brayton,,D,DL,DE
6799,2003,PHI,1,15,McDoJe20,Jerome McDougle,,D,DL,DE
6800,2003,PIT,1,16,PolaTr99,Troy Polamalu,,D,DB,DB
6814,2003,SD,1,30,DaviSa21,Sammy Davis,,D,DB,DB
6795,2003,SEA,1,11,TrufMa20,Marcus Trufant,,D,DB,DB
6810,2003,SF,1,26,HarrKw20,Kwame Harris,,O,OL,T
6796,2003,STL,1,12,KennJi21,Jimmy Kennedy,,D,DL,DT
6812,2003,TEN,1,28,WoolAn20,Andre Woolfolk,,D,DB,DB
7049,2004,ARI,1,3,FitzLa00,Larry Fitzgerald,,O,WR,WR
7054,2004,ATL,1,8,HallDe99,DeAngelo Hall,,D,DB,DB
7075,2004,ATL,1,29,JenkMi00,Michael Jenkins,,O,WR,WR
7059,2004,BUF,1,13,EvanLe00,Lee Evans,,O,WR,WR
7068,2004,BUF,1,22,LosmJ.00,J.P. Losman,00-0022912,O,QB,QB
7074,2004,CAR,1,28,GambCh20,Chris Gamble,,D,DB,DB
7060,2004,CHI,1,14,HarrTo99,Tommie Harris,,D,DL,DT
7072,2004,CIN,1,26,PerrCh00,Chris Perry,,O,RB,RB
7052,2004,CLE,1,6,WinsKe01,Kellen Winslow,,O,TE,TE
7063,2004,DEN,1,17,WillD.20,D.J. Williams,,D,LB,LB
7053,2004,DET,1,7,WillRo04,Roy Williams,,O,WR,WR
7076,2004,DET,1,30,JoneKe02,Kevin Jones,,O,RB,RB
7071,2004,GB,1,25,CarrAh20,Ahmad Carroll,,D,DB,DB
7056,2004,HOU,1,10,RobiDu20,Dunta Robinson,,D,DB,DB
7073,2004,HOU,1,27,BabiJa20,Jason Babin,,D,LB,LB
7055,2004,JAX,1,9,WillRe00,Reggie Williams,,O,WR,WR
7065,2004,MIA,1,19,CareVe20,Vernon Carey,,O,OL,T
7066,2004,MIN,1,20,UdezKe20,Kenechi Udeze,,D,DL,DE
7067,2004,NE,1,21,WilfVi20,Vince Wilfork,,D,DL,NT
7078,2004,NE,1,32,WatsBe00,Ben Watson,,O,TE,TE
7064,2004,NO,1,18,SmitWi99,Will Smith,,D,DL,DE
7050,2004,NYG,1,4,RivePh00,Philip Rivers,00-0022942,O,QB,QB
7058,2004,NYJ,1,12,VilmJo99,Jonathan Vilma,,D,LB,LB
7048,2004,OAK,1,2,GallRo20,Robert Gallery,,O,OL,T
7062,2004,PHI,1,16,AndrSh55,Shawn Andrews,,O,OL,G
7057,2004,PIT,1,11,RoetBe00,Ben Roethlisberger,00-0022924,O,QB,QB
7047,2004,SD,1,1,MannEl00,Eli Manning,00-0022803,O,QB,QB
7069,2004,SEA,1,23,TubbMa20,Marcus Tubbs,,D,DL,DT
7077,2004,SF,1,31,WoodRa00,Rashaun Woods,,O,WR,WR
7070,2004,STL,1,24,JackSt00,Steven Jackson,,O,RB,RB
7061,2004,TB,1,15,ClayMi00,Michael Clayton,,O,WR,WR
7051,2004,WAS,1,5,TaylSe20,Sean Taylor,,D,DB,DB
7309,2005,ARI,1,8,RollAn20,Antrel Rolle,,D,DB,DB
7328,2005,ATL,1,27,WhitRo00,Roddy White,,O,WR,WR
7323,2005,BAL,1,22,ClayMa01,Mark Clayton,,O,WR,WR
7315,2005,CAR,1,14,DaviTh20,Thomas Davis,,D,LB,LB
7305,2005,CHI,1,4,BensCe00,Cedric Benson,,O,RB,RB
7318,2005,CIN,1,17,PollDa20,David Pollack,,D,LB,LB
7304,2005,CLE,1,3,EdwaBr00,Braylon Edwards,,O,WR,WR
7312,2005,DAL,1,11,WareDe99,DeMarcus Ware,,D,LB,LB
7321,2005,DAL,1,20,SpeaMa21,Marcus Spears,,D,DL,DE
7311,2005,DET,1,10,WillMi03,Mike Williams,,O,WR,WR
7325,2005,GB,1,24,RodgAa00,Aaron Rodgers,00-0023459,O,QB,QB
7317,2005,HOU,1,16,JohnTr20,Travis Johnson,,D,DL,DT
7330,2005,IND,1,29,JackMa22,Marlin Jackson,,D,DB,DB
7322,2005,JAX,1,21,JoneMa00,Matt Jones,,O,WR,WR
7316,2005,KC,1,15,JohnDe25,Derrick Johnson,,D,LB,LB
7303,2005,MIA,1,2,BrowRo05,Ronnie Brown,,O,RB,RB
7308,2005,MIN,1,7,WillTr01,Troy Williamson,,O,WR,WR
7319,2005,MIN,1,18,JameEr20,Erasmus James,,D,DL,DE
7333,2005,NE,1,32,MankLo20,Logan Mankins,,O,OL,G
7314,2005,NO,1,13,BrowJa55,Jammal Brown,,O,OL,T
7324,2005,OAK,1,23,WashFa20,Fabian Washington,,D,DB,DB
7332,2005,PHI,1,31,PattMi20,Mike Patterson,,D,DL,DT
7331,2005,PIT,1,30,MillHe00,Heath Miller,,O,TE,TE
7313,2005,SD,1,12,MerrSh99,Shawne Merriman,,D,LB,LB
7329,2005,SD,1,28,CastLu20,Luis Castillo,,D,DL,DE
7327,2005,SEA,1,26,SpenCh21,Chris Spencer,,O,OL,C
7302,2005,SF,1,1,SmitAl03,Alex Smith,00-0023436,O,QB,QB
7320,2005,STL,1,19,BarrAl20,Alex Barron,,O,OL,T
7306,2005,TB,1,5,WillCa02,Cadillac Williams,,O,RB,RB
7307,2005,TEN,1,6,JonePa20,Adam Jones,,D,DB,DB
7310,2005,WAS,1,9,RogeCa20,Carlos Rogers,,D,DB,DB
7326,2005,WAS,1,25,CampJa00,Jason Campbell,00-0023460,O,QB,QB
7566,2006,ARI,1,10,LeinMa00,Matt Leinart,00-0024225,O,QB,QB
7568,2006,BAL,1,12,NgatHa20,Haloti Ngata,,D,DL,DT
7564,2006,BUF,1,8,WhitDo20,Donte Whitner,,D,DB,DB
7582,2006,BUF,1,26,McCaJo22,John McCargo,,D,DL,DT
7583,2006,CAR,1,27,WillDe02,DeAngelo Williams,,O,RB,RB
7580,2006,CIN,1,24,JoseJo20,Johnathan Joseph,,D,DB,DB
7569,2006,CLE,1,13,WimbKa20,Kamerion Wimbley,,D,DL,DE
7574,2006,DAL,1,18,CarpBo20,Bobby Carpenter,,D,LB,LB
7567,2006,DEN,1,11,CutlJa00,Jay Cutler,00-0031076,O,QB,QB
7565,2006,DET,1,9,SimsEr20,Ernie Sims,,D,LB,LB
7561,2006,GB,1,5,HawkA.20,A.J. Hawk,,D,LB,LB
7557,2006,HOU,1,1,WillMa22,Mario Williams,,D,DL,DE
7586,2006,IND,1,30,AddaJo00,Joseph Addai,,O,RB,RB
7584,2006,JAX,1,28,LewiMa00,Marcedes Lewis,,O,TE,TE
7576,2006,KC,1,20,HaliTa20,Tamba Hali,,D,DL,DE
7572,2006,MIA,1,16,AlleJa23,Jason Allen,,D,DB,DB
7573,2006,MIN,1,17,GreeCh99,Chad Greenway,,D,LB,LB
7577,2006,NE,1,21,MaroLa00,Laurence Maroney,,O,RB,RB
7558,2006,NO,1,2,BushRe00,Reggie Bush,,O,RB,RB
7588,2006,NYG,1,32,KiwaMa20,Mathias Kiwanuka,,D,DL,DE
7560,2006,NYJ,1,4,FergDB20,D'Brickashaw Ferguson,,O,OL,T
7585,2006,NYJ,1,29,MangNi20,Nick Mangold,,O,OL,C
7563,2006,OAK,1,7,HuffMi20,Michael Huff,,D,DB,DB
7570,2006,PHI,1,14,BunkBr20,Brodrick Bunkley,,D,DL,DT
7581,2006,PIT,1,25,HolmSa00,Santonio Holmes,,O,WR,WR
7575,2006,SD,1,19,CromAn20,Antonio Cromartie,,D,DB,DB
7587,2006,SEA,1,31,JennKe20,Kelly Jennings,,D,DB,DB
7562,2006,SF,1,6,DaviVe00,Vernon Davis,,O,TE,TE
7578,2006,SF,1,22,LawsMa20,Manny Lawson,,D,DL,DE
7571,2006,STL,1,15,HillTy20,Tye Hill,,D,DB,DB
7579,2006,TB,1,23,JoseDa20,Davin Joseph,,O,OL,G
7559,2006,TEN,1,3,YounVi00,Vince Young,00-0024218,O,QB,QB
7816,2007,ARI,1,5,BrowLe20,Levi Brown,,O,OL,T
7819,2007,ATL,1,8,AndeJa98,Jamaal Anderson,,D,DL,DE
7840,2007,BAL,1,29,GrubBe20,Ben Grubbs,,O,OL,G
7823,2007,BUF,1,12,LyncMa00,Marshawn Lynch,,O,RB,RB
7836,2007,CAR,1,25,BeasJo99,Jon Beason,,D,LB,LB
7842,2007,CHI,1,31,OlseGr00,Greg Olsen,,O,TE,TE
7829,2007,CIN,1,18,HallLe98,Leon Hall,,D,DB,DB
7814,2007,CLE,1,3,ThomJo28,Joe Thomas,,O,OL,T
7833,2007,CLE,1,22,QuinBr00,Brady Quinn,00-0025409,O,QB,QB
7837,2007,DAL,1,26,SpenAn99,Anthony Spencer,,D,DL,DE
7828,2007,DEN,1,17,MossJa99,Jarvis Moss,,D,DL,DE
7813,2007,DET,1,2,JohnCa00,Calvin Johnson,,O,WR,WR
7827,2007,GB,1,16,HarrJu99,Justin Harrell,,D,DL,DT
7821,2007,HOU,1,10,OkoyAm99,Amobi Okoye,,D,DL,DT
7843,2007,IND,1,32,GonzAn00,Anthony Gonzalez,,O,WR,WR
7832,2007,JAX,1,21,NelsRe99,Reggie Nelson,,D,DB,DB
7834,2007,KC,1,23,BoweDw00,Dwayne Bowe,,O,WR,WR
7820,2007,MIA,1,9,GinnTe00,Ted Ginn,,O,WR,WR
7818,2007,MIN,1,7,PeteAd01,Adrian Peterson,,O,RB,RB
7835,2007,NE,1,24,MeriBr99,Brandon Meriweather,,D,DB,DB
7838,2007,NO,1,27,MeacRo00,Robert Meachem,,O,WR,WR
7831,2007,NYG,1,20,RossAa99,Aaron Ross,,D,DB,DB
7825,2007,NYJ,1,14,ReviDa99,Darrelle Revis,,D,DB,DB
7812,2007,OAK,1,1,RussJa00,JaMarcus Russell,00-0025388,O,QB,QB
7826,2007,PIT,1,15,TimmLa99,Lawrence Timmons,,D,LB,LB
7841,2007,SD,1,30,DaviCr00,Craig Davis,,O,WR,WR
7822,2007,SF,1,11,WillPa98,Patrick Willis,,D,LB,LB
7839,2007,SF,1,28,StalJo20,Joe Staley,,O,OL,T
7824,2007,STL,1,13,CarrAd99,Adam Carriker,,D,DL,DE
7815,2007,TB,1,4,AdamGa99,Gaines Adams,,D,DL,DE
7830,2007,TEN,1,19,GrifMi99,Michael Griffin,,D,DB,DB
7817,2007,WAS,1,6,LandLa99,LaRon Landry,,D,DB,DB
8082,2008,ARI,1,16,RodgDo99,Dominique Rodgers-Cromartie,,D,DB,DB
8069,2008,ATL,1,3,RyanMa00,Matt Ryan,00-0026143,O,QB,QB
8087,2008,ATL,1,21,BakeSa21,Sam Baker,,O,OL,T
8084,2008,BAL,1,18,FlacJo00,Joe Flacco,00-0026158,O,QB,QB
8077,2008,BUF,1,11,McKeLe99,Leodis McKelvin,,D,DB,DB
8079,2008,CAR,1,13,StewJo00,Jonathan Stewart,,O,RB,RB
8085,2008,CAR,1,19,OtahJe20,Jeff Otah,,O,OL,T
8080,2008,CHI,1,14,WillCh03,Chris Williams,,O,OL,T
8075,2008,CIN,1,9,RiveKe99,Keith Rivers,,D,LB,LB
8088,2008,DAL,1,22,JoneFe00,Felix Jones,,O,RB,RB
8091,2008,DAL,1,25,JenkMi99,Mike Jenkins,,D,DB,DB
8078,2008,DEN,1,12,CladRy20,Ryan Clady,,O,OL,T
8083,2008,DET,1,17,CherGo20,Gosder Cherilus,,O,OL,T
8092,2008,HOU,1,26,BrowDu20,Duane Brown,,O,OL,T
8074,2008,JAX,1,8,HarvDe99,Derrick Harvey,,D,DL,DE
8071,2008,KC,1,5,DorsGl99,Glenn Dorsey,,D,DL,DT
8081,2008,KC,1,15,AlbeBr20,Branden Albert,,O,OL,G
8067,2008,MIA,1,1,LongJa20,Jake Long,,O,OL,T
8076,2008,NE,1,10,MayoJe99,Jerod Mayo,,D,LB,LB
8073,2008,NO,1,7,ElliSe99,Sedrick Ellis,,D,DL,DT
8097,2008,NYG,1,31,PhilKe99,Kenny Phillips,,D,DB,DB
8072,2008,NYJ,1,6,GholVe99,Vernon Gholston,,D,DL,DE
8096,2008,NYJ,1,30,KellDu00,Dustin Keller,,O,TE,TE
8070,2008,OAK,1,4,McFaDa00,Darren McFadden,,O,RB,RB
8089,2008,PIT,1,23,MendRa00,Rashard Mendenhall,,O,RB,RB
8093,2008,SD,1,27,CasoAn99,Antoine Cason,,D,DB,DB
8094,2008,SEA,1,28,JackLa98,Lawrence Jackson,,D,DL,DE
8095,2008,SF,1,29,BalmKe99,Kentwan Balmer,,D,DL,DT
8068,2008,STL,1,2,LongCh99,Chris Long,,D,DL,DE
8086,2008,TB,1,20,TaliAq99,Aqib Talib,,D,DB,DB
8090,2008,TEN,1,24,JohnCh04,Chris Johnson,,O,RB,RB
8349,2009,ARI,1,31,WellCh00,Beanie Wells,,O,RB,RB
8342,2009,ATL,1,24,JerrPe99,Peria Jerry,,D,DL,DT
8341,2009,BAL,1,23,OherMi20,Michael Oher,,O,OL,T
8329,2009,BUF,1,11,MaybAa99,Aaron Maybin,,D,DL,DE
8346,2009,BUF,1,28,WoodEr20,Eric Wood,,O,OL,C
8324,2009,CIN,1,6,SmitAn23,Andre Smith,,O,OL,T
8339,2009,CLE,1,21,MackAl20,Alex Mack,,O,OL,C
8330,2009,DEN,1,12,MoreKn00,Knowshon Moreno,,O,RB,RB
8336,2009,DEN,1,18,AyerRo99,Robert Ayers,,D,DL,DE
8319,2009,DET,1,1,StafMa00,Matthew Stafford,00-0026498,O,QB,QB
8338,2009,DET,1,20,PettBr00,Brandon Pettigrew,,O,TE,TE
8327,2009,GB,1,9,RajiBJ99,B.J. Raji,,D,DL,DT
8344,2009,GB,1,26,MattCl99,Clay Matthews,,D,LB,LB
8333,2009,HOU,1,15,CushBr99,Brian Cushing,,D,LB,LB
8345,2009,IND,1,27,BrowDo00,Donald Brown,,O,RB,RB
8326,2009,JAX,1,8,MonrEu20,Eugene Monroe,,O,OL,T
8321,2009,KC,1,3,JackTy98,Tyson Jackson,,D,DL,DE
8343,2009,MIA,1,25,DaviVo99,Vontae Davis,,D,DB,DB
8340,2009,MIN,1,22,HarvPe00,Percy Harvin,,O,WR,WR
8332,2009,NO,1,14,JenkMa99,Malcolm Jenkins,,D,DB,DB
8347,2009,NYG,1,29,NickHa01,Hakeem Nicks,,O,WR,WR
8323,2009,NYJ,1,5,SancMa00,Mark Sanchez,00-0026898,O,QB,QB
8325,2009,OAK,1,7,HeywDa00,Darrius Heyward-Bey,,O,WR,WR
8337,2009,PHI,1,19,MaclJe00,Jeremy Maclin,,O,WR,WR
8350,2009,PIT,1,32,HoodEv99,Evander Hood,,D,DL,DE
8334,2009,SD,1,16,EnglLa99,Larry English,,D,LB,LB
8322,2009,SEA,1,4,CurrAa99,Aaron Curry,,D,LB,LB
8328,2009,SF,1,10,CrabMi00,Michael Crabtree,,O,WR,WR
8320,2009,STL,1,2,SmitJa22,Jason Smith,,O,OL,T
8335,2009,TB,1,17,FreeJo00,Josh Freeman,00-0026993,O,QB,QB
8348,2009,TEN,1,30,BritKe00,Kenny Britt,,O,WR,WR
8331,2009,WAS,1,13,OrakBr99,Brian Orakpo,,D,LB,LB
8600,2010,ARI,1,26,WillDa99,Dan Williams,,D,DL,DT
8593,2010,ATL,1,19,WeatSe99,Sean Weatherspoon,,D,LB,LB
8583,2010,BUF,1,9,SpilC.00,C.J. Spiller,,O,RB,RB
8595,2010,CIN,1,21,GresJe00,Jermaine Gresham,,O,TE,TE
8581,2010,CLE,1,7,HadeJo99,Joe Haden,,D,DB,DB
8598,2010,DAL,1,24,BryaDe01,Dez Bryant,,O,WR,WR
8596,2010,DEN,1,22,ThomDe03,Demaryius Thomas,,O,WR,WR
8599,2010,DEN,1,25,TeboTi00,Tim Tebow,00-0027876,O,QB,QB
8576,2010,DET,1,2,SuhxNd99,Ndamukong Suh,,D,DL,DT
8604,2010,DET,1,30,BestJa00,Jahvid Best,,O,RB,RB
8597,2010,GB,1,23,BulaBr20,Bryan Bulaga,,O,OL,T
8594,2010,HOU,1,20,JackKa99,Kareem Jackson,,D,DB,DB
8605,2010,IND,1,31,HughJe99,Jerry Hughes,,D,DL,DE
8584,2010,JAX,1,10,AluaTy99,Tyson Alualu,,D,DL,DT
8579,2010,KC,1,5,BerrEr99,Eric Berry,,D,DB,DB
8602,2010,MIA,1,28,OdriJa99,Jared Odrick,,D,DL,DE
8601,2010,NE,1,27,McCoDe99,Devin McCourty,,D,DB,DB
8606,2010,NO,1,32,RobiPa99,Patrick Robinson,,D,DB,DB
8589,2010,NYG,1,15,PierJa99,Jason Pierre-Paul,,D,DL,DE
8603,2010,NYJ,1,29,WilsKy99,Kyle Wilson,,D,DB,DB
8582,2010,OAK,1,8,McClRo00,Rolando McClain,,D,LB,LB
8587,2010,PHI,1,13,GrahBr99,Brandon Graham,,D,DL,DE
8592,2010,PIT,1,18,PounMa20,Maurkice Pouncey,,O,OL,C
8586,2010,SD,1,12,MathRy00,Ryan Mathews,,O,RB,RB
8580,2010,SEA,1,6,OkunRu20,Russell Okung,,O,OL,T
8588,2010,SEA,1,14,ThomEa99,Earl Thomas,,D,DB,DB
8585,2010,SF,1,11,DaviAn27,Anthony Davis,,O,OL,T
8591,2010,SF,1,17,IupaMi20,Mike Iupati,,O,OL,G
8575,2010,STL,1,1,BradSa00,Sam Bradford,00-0027854,O,QB,QB
8577,2010,TB,1,3,McCoGe99,Gerald McCoy,,D,DL,DT
8590,2010,TEN,1,16,MorgDe99,Derrick Morgan,,D,DL,DE
8578,2010,WAS,1,4,WillTr21,Trent Williams,,O,OL,T
8834,2011,ARI,1,5,PetePa00,Patrick Peterson,,D,DB,DB
8835,2011,ATL,1,6,JoneJu02,Julio Jones,,O,WR,WR
8856,2011,BAL,1,27,SmitJi03,Jimmy Smith,,D,DB,DB
8832,2011,BUF,1,3,DareMa00,Marcell Dareus,,D,DL,DT
8830,2011,CAR,1,1,NewtCa00,Cam Newton,00-0034577,O,QB,QB
8858,2011,CHI,1,29,CariGa00,Gabe Carimi,,O,OL,T
8833,2011,CIN,1,4,GreeA.00,A.J. Green,,O,WR,WR
8850,2011,CLE,1,21,TaylPh00,Phil Taylor,,D,DL,DT
8838,2011,DAL,1,9,SmitTy00,Tyron Smith,,O,OL,T
8831,2011,DEN,1,2,MillVo00,Von Miller,,D,LB,LB
8842,2011,DET,1,13,FairNi00,Nick Fairley,,D,DL,DT
8861,2011,GB,1,32,SherDe00,Derek Sherrod,,O,OL,T
8840,2011,HOU,1,11,WattJ.00,J.J. Watt,,D,DL,DE
8851,2011,IND,1,22,CastAn00,Anthony Castonzo,,O,OL,T
8839,2011,JAX,1,10,GabbBl00,Blaine Gabbert,00-0027948,O,QB,QB
8855,2011,KC,1,26,BaldJo00,Jonathan Baldwin,,O,WR,WR
8844,2011,MIA,1,15,PounMi00,Mike Pouncey,,O,OL,G
8841,2011,MIN,1,12,PondCh00,Christian Ponder,00-0027950,O,QB,QB
8846,2011,NE,1,17,SoldNa00,Nate Solder,,O,OL,T
8853,2011,NO,1,24,JordCa00,Cameron Jordan,,D,DL,DE
8857,2011,NO,1,28,IngrMa01,Mark Ingram,,O,RB,RB
8848,2011,NYG,1,19,AmukPr00,Prince Amukamara,,D,DB,DB
8859,2011,NYJ,1,30,WilkMu00,Muhammad Wilkerson,,D,DL,DT
8852,2011,PHI,1,23,WatkDa00,Danny Watkins,,O,OL,G
8860,2011,PIT,1,31,HeywCa01,Cameron Heyward,,D,DL,DE
8847,2011,SD,1,18,LiugCo00,Corey Liuget,,D,DL,DT
8854,2011,SEA,1,25,CarpJa00,James Carpenter,,O,OL,T
8836,2011,SF,1,7,SmitAl04,Aldon Smith,,D,DL,DE
8843,2011,STL,1,14,QuinRo00,Robert Quinn,,D,DL,DE
8849,2011,TB,1,20,ClayAd00,Adrian Clayborn,,D,DL,DE
8837,2011,TEN,1,8,LockJa00,Jake Locker,00-0027946,O,QB,QB
8845,2011,WAS,1,16,KerrRy00,Ryan Kerrigan,,D,DL,DE
9096,2012,ARI,1,13,FloyMi00,Michael Floyd,,O,WR,WR
9093,2012,BUF,1,10,GilmSt00,Stephon Gilmore,,D,DB,DB
9092,2012,CAR,1,9,KuecLu00,Luke Kuechly,,D,LB,LB
9102,2012,CHI,1,19,McClSh00,Shea McClellin,,D,DL,DE
9100,2012,CIN,1,17,KirkDr00,Dre Kirkpatrick,,D,DB,DB
9110,2012,CIN,1,27,ZeitKe00,Kevin Zeitler,,O,OL,G
9086,2012,CLE,1,3,RichTr00,Trent Richardson,,O,RB,RB
9105,2012,CLE,1,22,WeedBr00,Brandon Weeden,00-0029677,O,QB,QB
9089,2012,DAL,1,6,ClaiMo00,Morris Claiborne,,D,DB,DB
9106,2012,DET,1,23,ReifRi00,Riley Reiff,,O,OL,T
9111,2012,GB,1,28,PerrNi00,Nick Perry,,D,DL,DE
9109,2012,HOU,1,26,MercWh00,Whitney Mercilus,,D,DL,DE
9084,2012,IND,1,1,LuckAn00,Andrew Luck,00-0029668,O,QB,QB
9088,2012,JAX,1,5,BlacJu00,Justin Blackmon,,O,WR,WR
9094,2012,KC,1,11,PoexDo00,Dontari Poe,,D,DL,DT
9091,2012,MIA,1,8,TannRy00,Ryan Tannehill,00-0029701,O,QB,QB
9087,2012,MIN,1,4,KaliMa00,Matt Kalil,,O,OL,T
9112,2012,MIN,1,29,SmitHa00,Harrison Smith,,D,DB,DB
9104,2012,NE,1,21,JoneCh03,Chandler Jones,,D,DL,DE
9108,2012,NE,1,25,HighDo01,Dont'a Hightower,,D,LB,LB
9115,2012,NYG,1,32,WilsDa01,David Wilson,,O,RB,RB
9099,2012,NYJ,1,16,CoplQu00,Quinton Coples,,D,DL,DE
9095,2012,PHI,1,12,CoxxFl00,Fletcher Cox,,D,DL,DT
9107,2012,PIT,1,24,DeCaDa00,David DeCastro,,O,OL,G
9101,2012,SD,1,18,IngrMe00,Melvin Ingram,,D,DL,DE
9098,2012,SEA,1,15,IrviBr00,Bruce Irvin,,D,DL,DE
9113,2012,SF,1,30,JenkA.00,A.J. Jenkins,,O,WR,WR
9097,2012,STL,1,14,BrocMi00,Michael Brockers,,D,DL,DT
9090,2012,TB,1,7,BarrMa00,Mark Barron,,D,DB,DB
9114,2012,TB,1,31,MartDo00,Doug Martin,,O,RB,RB
9103,2012,TEN,1,20,WrigKe01,Kendall Wright,,O,WR,WR
9085,2012,WAS,1,2,GrifRo01,Robert Griffin,00-0029665,O,QB,QB
9343,2013,ARI,1,7,CoopJo01,Jonathan Cooper,,O,OL,G
9358,2013,ATL,1,22,TrufDe00,Desmond Trufant,,D,DB,DB
9368,2013,BAL,1,32,ElamMa00,Matt Elam,,D,DB,DB
9352,2013,BUF,1,16,ManuEJ00,EJ Manuel,00-0030526,O,QB,QB
9350,2013,CAR,1,14,LotuSt00,Star Lotulelei,,D,DL,DT
9356,2013,CHI,1,20,LongKy00,Kyle Long,,O,OL,G
9357,2013,CIN,1,21,EifeTy00,Tyler Eifert,,O,TE,TE
9342,2013,CLE,1,6,MingBa00,Barkevious Mingo,,D,LB,LB
9367,2013,DAL,1,31,FredTr00,Travis Frederick,,O,OL,C
9364,2013,DEN,1,28,WillSy00,Sylvester Williams,,D,DL,DT
9341,2013,DET,1,5,AnsaEz00,Ezekiel Ansah,,D,DL,DE
9362,2013,GB,1,26,JoneDa03,Datone Jones,,D,DL,DE
9363,2013,HOU,1,27,HopkDe00,DeAndre Hopkins,,O,WR,WR
9360,2013,IND,1,24,WernBj00,Bjoern Werner,,D,DL,DE
9338,2013,JAX,1,2,JoecLu00,Luke Joeckel,,O,OL,T
9337,2013,KC,1,1,FishEr00,Eric Fisher,,O,OL,T
9339,2013,MIA,1,3,JordDi00,Dion Jordan,,D,DL,DE
9359,2013,MIN,1,23,FloySh00,Sharrif Floyd,,D,DL,DT
9361,2013,MIN,1,25,RhodXa00,Xavier Rhodes,,D,DB,DB
9365,2013,MIN,1,29,PattCo00,Cordarrelle Patterson,,O,WR,WR
9351,2013,NO,1,15,VaccKe00,Kenny Vaccaro,,D,DB,DB
9355,2013,NYG,1,19,PughJu00,Justin Pugh,,O,OL,T
9345,2013,NYJ,1,9,MillDe00,Dee Milliner,,D,DB,DB
9349,2013,NYJ,1,13,RichSh00,Sheldon Richardson,,D,DL,DT
9348,2013,OAK,1,12,HaydDJ00,D.J. Hayden,,D,DB,DB
9340,2013,PHI,1,4,JohnLa01,Lane Johnson,,O,OL,T
9353,2013,PIT,1,17,JoneJa05,Jarvis Jones,,D,LB,LB
9347,2013,SD,1,11,FlukDJ00,D.J. Fluker,,O,OL,T
9354,2013,SF,1,18,ReidEr00,Eric Reid,,D,DB,DB
9344,2013,STL,1,8,AustTa00,Tavon Austin,,O,WR,WR
9366,2013,STL,1,30,OgleAl00,Alec Ogletree,,D,LB,LB
9346,2013,TEN,1,10,WarmCh00,Chance Warmack,,O,OL,G
9617,2014,ARI,1,27,BucaDe00,Deone Bucannon,,D,DB,DB
9596,2014,ATL,1,6,MattJa00,Jake Matthews,,O,OL,T
9607,2014,BAL,1,17,MoslC.00,C.J. Mosley,,D,LB,LB
9594,2014,BUF,1,4,WatkSa00,Sammy Watkins,,O,WR,WR
9618,2014,CAR,1,28,BenjKe00,Kelvin Benjamin,,O,WR,WR
9604,2014,CHI,1,14,FullKy00,Kyle Fuller,,D,DB,DB
9614,2014,CIN,1,24,DennDa00,Darqueze Dennard,,D,DB,DB
9598,2014,CLE,1,8,GilbJu00,Justin Gilbert,,D,DB,DB
9612,2014,CLE,1,22,ManzJo00,Johnny Manziel,00-0031409,O,QB,QB
9606,2014,DAL,1,16,MartZa00,Zack Martin,,O,OL,G
9621,2014,DEN,1,31,RobyBr00,Bradley Roby,,D,DB,DB
9600,2014,DET,1,10,EbroEr00,Eric Ebron,,O,TE,TE
9611,2014,GB,1,21,ClinHa00,Ha Ha Clinton-Dix,,D,DB,DB
9591,2014,HOU,1,1,ClowJa00,Jadeveon Clowney,,D,DL,DE
9593,2014,JAX,1,3,BortBl00,Blake Bortles,00-0031407,O,QB,QB
9613,2014,KC,1,23,FordDe00,Dee Ford,,D,LB,LB
9609,2014,MIA,1,19,JameJa01,Ja'Wuan James,,O,OL,T
9599,2014,MIN,1,9,BarrAn00,Anthony Barr,,D,LB,LB
9622,2014,MIN,1,32,BridTe00,Teddy Bridgewater,00-0031237,O,QB,QB
9619,2014,NE,1,29,EaslDo00,Dominique Easley,,D,DL,DT
9610,2014,NO,1,20,CookBr00,Brandin Cooks,,O,WR,WR
9602,2014,NYG,1,12,BeckOd00,Odell Beckham,,O,WR,WR
9608,2014,NYJ,1,18,PryoCa00,Calvin Pryor,,D,DB,DB
9595,2014,OAK,1,5,MackKh00,Khalil Mack,,D,LB,LB
9616,2014,PHI,1,26,SmitMa03,Marcus Smith,,D,LB,LB
9605,2014,PIT,1,15,ShazRy00,Ryan Shazier,,D,LB,LB
9615,2014,SD,1,25,VerrJa00,Jason Verrett,,D,DB,DB
9620,2014,SF,1,30,WardJi01,Jimmie Ward,,D,DB,DB
9592,2014,STL,1,2,RobiGr01,Greg Robinson,,O,OL,T
9603,2014,STL,1,13,DonaAa00,Aaron Donald,,D,DL,DT
9597,2014,TB,1,7,EvanMi00,Mike Evans,,O,WR,WR
9601,2014,TEN,1,11,LewaTa00,Taylor Lewan,,O,OL,T
9870,2015,ARI,1,24,HumpD.00,D.J. Humphries,,O,OL,T
9854,2015,ATL,1,8,BeasVi00,Vic Beasley,,D,LB,LB
9872,2015,BAL,1,26,PerrBr02,Breshad Perriman,,O,WR,WR
9871,2015,CAR,1,25,ThomSh01,Shaq Thompson,,D,LB,LB
9853,2015,CHI,1,7,WhitKe00,Kevin White,,O,WR,WR
9867,2015,CIN,1,21,OgbuCe00,Cedric Ogbuehi,,O,OL,T
9858,2015,CLE,1,12,ShelDa01,Danny Shelton,,D,DL,NT
9865,2015,CLE,1,19,ErviCa00,Cameron Erving,,O,OL,C
9873,2015,DAL,1,27,JoneBy00,Byron Jones,,D,DB,CB
9869,2015,DEN,1,23,RayxSh00,Shane Ray,,D,DL,DE
9874,2015,DET,1,28,TomlLa01,Laken Tomlinson,,O,OL,G
9876,2015,GB,1,30,RandDa00,Damarious Randall,,D,DB,S
9862,2015,HOU,1,16,JohnKe04,Kevin Johnson,,D,DB,CB
9875,2015,IND,1,29,DorsPh00,Phillip Dorsett,,O,WR,WR
9849,2015,JAX,1,3,FowlDa00,Dante Fowler,,D,LB,LB
9864,2015,KC,1,18,PeteMa00,Marcus Peters,,D,DB,CB
9860,2015,MIA,1,14,ParkDe01,DeVante Parker,,O,WR,WR
9857,2015,MIN,1,11,WaynTr00,Trae Waynes,,D,DB,CB
9878,2015,NE,1,32,BrowMa01,Malcom Brown,,D,DL,DT
9859,2015,NO,1,13,PeatAn00,Andrus Peat,,O,OL,T
9877,2015,NO,1,31,AnthSt00,Stephone Anthony,,D,LB,LB
9855,2015,NYG,1,9,FlowEr00,Ereck Flowers,,O,OL,T
9852,2015,NYJ,1,6,WillLe02,Leonard Williams,,D,DL,DE
9850,2015,OAK,1,4,CoopAm00,Amari Cooper,,O,WR,WR
9866,2015,PHI,1,20,AghoNe00,Nelson Agholor,,O,WR,WR
9868,2015,PIT,1,22,DuprAl00,Bud Dupree,,D,LB,LB
9861,2015,SD,1,15,GordMe00,Melvin Gordon,,O,RB,RB
9863,2015,SF,1,17,ArmsAr01,Arik Armstead,,D,DL,DT
9856,2015,STL,1,10,GurlTo01,Todd Gurley,,O,RB,RB
9847,2015,TB,1,1,WinsJa00,Jameis Winston,00-0031503,O,QB,QB
9848,2015,TEN,1,2,MariMa01,Marcus Mariota,00-0032268,O,QB,QB
9851,2015,WAS,1,5,ScheBr00,Brandon Scherff,,O,OL,T
10131,2016,ARI,1,29,NkemRo00,Robert Nkemdiche,,D,DL,DT
10119,2016,ATL,1,17,NealKe01,Keanu Neal,,D,DB,S
10108,2016,BAL,1,6,StanRo00,Ronnie Stanley,,O,OL,T
10121,2016,BUF,1,19,LawsSh00,Shaq Lawson,,D,DL,DE
10132,2016,CAR,1,30,ButlVe00,Vernon Butler,,D,DL,DT
10111,2016,CHI,1,9,FloyLe00,Leonard Floyd,,D,LB,LB
10126,2016,CIN,1,24,JackWi02,William Jackson,,D,DB,CB
10117,2016,CLE,1,15,ColeCo00,Corey Coleman,,O,WR,WR
10106,2016,DAL,1,4,ElliEz00,Ezekiel Elliott,,O,RB,RB
10128,2016,DEN,1,26,LyncPa00,Paxton Lynch,00-0033108,O,QB,QB
10118,2016,DET,1,16,DeckTa00,Taylor Decker,,O,OL,T
10129,2016,GB,1,27,ClarKe01,Kenny Clark,,D,DL,DT
10123,2016,HOU,1,21,FullWi01,Will Fuller,,O,WR,WR
10120,2016,IND,1,18,KellRy00,Ryan Kelly,,O,OL,C
10107,2016,JAX,1,5,RamsJa00,Jalen Ramsey,,D,DB,CB
10103,2016,LA,1,1,GoffJa00,Jared Goff,00-0033106,O,QB,QB
10115,2016,MIA,1,13,TunsLa00,Laremy Tunsil,,O,OL,T
10125,2016,MIN,1,23,TreaLa00,Laquon Treadwell,,O,WR,WR
10114,2016,NO,1,12,RankSh00,Sheldon Rankins,,D,DL,DT
10112,2016,NYG,1,10,ApplEl00,Eli Apple,,D,DB,CB
10122,2016,NYJ,1,20,LeexDa00,Darron Lee,,D,LB,LB
10116,2016,OAK,1,14,JoseKa00,Karl Joseph,,D,DB,S
10104,2016,PHI,1,2,WentCa00,Carson Wentz,00-0032950,O,QB,QB
10127,2016,PIT,1,25,BurnAr00,Artie Burns,,D,DB,CB
10105,2016,SD,1,3,BosaJo00,Joey Bosa,,D,DL,DE
10133,2016,SEA,1,31,IfedGe00,Germain Ifedi,,O,OL,G
10109,2016,SF,1,7,BuckDe00,DeForest Buckner,,D,DL,DE
10130,2016,SF,1,28,GarnJo00,Joshua Garnett,,O,OL,G
10113,2016,TB,1,11,HargVe00,Vernon Hargreaves,,D,DB,CB
10110,2016,TEN,1,8,ConkJa00,Jack Conklin,,O,OL,T
10124,2016,WAS,1,22,DoctJo00,Josh Doctson,,O,WR,WR
10368,2017,ARI,1,13,ReddHa00,Haason Reddick,,D,LB,LB
10381,2017,ATL,1,26,McKiTa00,Takkarist McKinley,,D,DL,DE
10371,2017,BAL,1,16,HumpMa00,Marlon Humphrey,,D,DB,CB
10382,2017,BUF,1,27,WhitTr01,TreDavious White,,D,DB,CB
10363,2017,CAR,1,8,McCaCh01,Christian McCaffrey,,O,RB,RB
10357,2017,CHI,1,2,TrubMi00,Mitch Trubisky,00-0033869,O,QB,QB
10364,2017,CIN,1,9,RossJo00,John Ross,,O,WR,WR
10356,2017,CLE,1,1,GarrMy00,Myles Garrett,,D,DL,DE
10380,2017,CLE,1,25,PeppJa00,Jabrill Peppers,,D,DB,S
10384,2017,CLE,1,29,NjokDa00,David Njoku,,O,TE,TE
10383,2017,DAL,1,28,CharTa00,Taco Charlton,,D,DL,DE
10375,2017,DEN,1,20,BollGa00,Garett Bolles,,O,OL,T
10376,2017,DET,1,21,DaviJa01,Jarrad Davis,,D,LB,LB
10367,2017,HOU,1,12,WatsDe00,Deshaun Watson,00-0033537,O,QB,QB
10370,2017,IND,1,15,HookMa00,Malik Hooker,,D,DB,S
10359,2017,JAX,1,4,FourLe00,Leonard Fournette,,O,RB,RB
10365,2017,KC,1,10,MahoPa00,Patrick Mahomes,00-0033873,O,QB,QB
10362,2017,LAC,1,7,WillMi07,Mike Williams,,O,WR,WR
10377,2017,MIA,1,22,HarrCh03,Charles Harris,,D,LB,LB
10366,2017,NO,1,11,LattMa01,Marshon Lattimore,,D,DB,CB
10387,2017,NO,1,32,RamcRy00,Ryan Ramczyk,,O,OL,T
10378,2017,NYG,1,23,EngrEv00,Evan Engram,,O,TE,TE
10361,2017,NYJ,1,6,AdamJa00,Jamal Adams,,D,DB,S
10379,2017,OAK,1,24,ConlGa00,Gareon Conley,,D,DB,CB
10369,2017,PHI,1,14,BarnDe01,Derek Barnett,,D,DL,DE
10385,2017,PIT,1,30,WattT.00,T.J. Watt,,D,LB,LB
10358,2017,SF,1,3,ThomSo00,Solomon Thomas,,D,DL,DE
10386,2017,SF,1,31,FostRe00,Reuben Foster,,D,LB,LB
10374,2017,TB,1,19,HowaO.00,O.J. Howard,,O,TE,TE
10360,2017,TEN,1,5,DaviCo03,Corey Davis,,O,WR,WR
10373,2017,TEN,1,18,JackAd00,Adoree' Jackson,,D,DB,CB
10372,2017,WAS,1,17,AlleJo01,Jonathan Allen,,D,DL,DE
10618,2018,ARI,1,10,RoseJo01,Josh Rosen,00-0034343,O,QB,QB
10634,2018,ATL,1,26,RidlCa00,Calvin Ridley,,O,WR,WR
10633,2018,BAL,1,25,HursHa00,Hayden Hurst,,O,TE,TE
10640,2018,BAL,1,32,JackLa00,Lamar Jackson,00-0034796,O,QB,QB
10615,2018,BUF,1,7,AlleJo02,Josh Allen,00-0034857,O,QB,QB
10624,2018,BUF,1,16,EdmuTr01,Tremaine Edmunds,,D,LB,LB
10632,2018,CAR,1,24,MoorD.00,D.J. Moore,,O,WR,WR
10616,2018,CHI,1,8,SmitRo07,Roquan Smith,,D,LB,LB
10629,2018,CIN,1,21,PricBi01,Billy Price,,O,OL,C
10609,2018,CLE,1,1,MayfBa00,Baker Mayfield,00-0034855,O,QB,QB
10612,2018,CLE,1,4,WardDe02,Denzel Ward,,D,DB,CB
10627,2018,DAL,1,19,VandLe00,Leighton Vander Esch,,D,LB,LB
10613,2018,DEN,1,5,ChubBr00,Bradley Chubb,,D,DL,DE
10628,2018,DET,1,20,RagnFr00,Frank Ragnow,,O,OL,C
10626,2018,GB,1,18,AlexJa00,Jaire Alexander,,D,DB,CB
10614,2018,IND,1,6,NelsQu00,Quenton Nelson,,O,OL,G
10637,2018,JAX,1,29,BryaTa00,Taven Bryan,,D,DL,DT
10625,2018,LAC,1,17,JameDe00,Derwin James,,D,DB,S
10619,2018,MIA,1,11,FitzMi00,Minkah Fitzpatrick,,D,DB,S
10638,2018,MIN,1,30,HughMi00,Mike Hughes,,D,DB,CB
10631,2018,NE,1,23,WynnIs00,Isaiah Wynn,,O,OL,T
10639,2018,NE,1,31,MichSo00,Sony Michel,,O,RB,RB
10622,2018,NO,1,14,DaveMa00,Marcus Davenport,,D,DL,DE
10610,2018,NYG,1,2,BarkSa00,Saquon Barkley,,O,RB,RB
10611,2018,NYJ,1,3,DarnSa00,Sam Darnold,00-0034869,O,QB,QB
10623,2018,OAK,1,15,MillKo00,Kolton Miller,,O,OL,T
10636,2018,PIT,1,28,EdmuTe00,Terrell Edmunds,,D,LB,LB
10635,2018,SEA,1,27,PennRa00,Rashaad Penny,,O,RB,RB
10617,2018,SF,1,9,McGlMi00,Mike McGlinchey,,O,OL,T
10620,2018,TB,1,12,VeaxVi00,Vita Vea,,D,DL,DT
10630,2018,TEN,1,22,EvanRa01,Rashaan Evans,,D,LB,LB
10621,2018,WAS,1,13,PaynDa00,Da'Ron Payne,,D,DL,DT
10865,2019,ARI,1,1,MurrKy00,Kyler Murray,00-0035752,O,QB,QB
10878,2019,ATL,1,14,LindCh00,Chris Lindstrom,,O,OL,G
10895,2019,ATL,1,31,McGaKa00,Kaleb McGary,,O,OL,T
10889,2019,BAL,1,25,BrowMa04,Marquise Brown,,O,WR,WR
10873,2019,BUF,1,9,OlivEd00,Ed Oliver,,D,DL,DT
10880,2019,CAR,1,16,BurnBr00,Brian Burns,,D,DL,DE
10875,2019,CIN,1,11,WillJo10,Jonah Williams,,O,OL,G
10884,2019,DEN,1,20,FantNo00,Noah Fant,,O,TE,TE
10872,2019,DET,1,8,HockTJ00,T.J. Hockenson,,O,TE,TE
10876,2019,GB,1,12,GaryRa00,Rashan Gary,,D,LB,LB
10885,2019,GB,1,21,SavaDa00,Darnell Savage,,D,DB,S
10887,2019,HOU,1,23,HowaTy00,Tytus Howard,,O,OL,T
10871,2019,JAX,1,7,AlleJo03,Josh Allen,,D,LB,LB
10892,2019,LAC,1,28,TillJe00,Jerry Tillery,,D,DL,DT
10877,2019,MIA,1,13,WilkCh00,Christian Wilkins,,D,DL,DT
10882,2019,MIN,1,18,BradGa00,Garrett Bradbury,,O,OL,C
10896,2019,NE,1,32,HarrNK00,N'Keal Harry,,O,WR,WR
10870,2019,NYG,1,6,JoneDa05,Daniel Jones,00-0035710,O,QB,QB
10881,2019,NYG,1,17,LawrDe03,Dexter Lawrence,,D,DL,DT
10894,2019,NYG,1,30,BakeDe00,Deandre Baker,,D,DB,CB
10867,2019,NYJ,1,3,WillQu00,Quinnen Williams,,D,DL,DT
10868,2019,OAK,1,4,FerrCl00,Clelin Ferrell,,D,DL,DE
10888,2019,OAK,1,24,JacoJo01,Josh Jacobs,,O,RB,RB
10891,2019,OAK,1,27,AbraJo01,Johnathan Abram,,D,DB,S
10886,2019,PHI,1,22,DillAn00,Andre Dillard,,O,OL,T
10874,2019,PIT,1,10,BushDe01,Devin Bush,,D,LB,LB
10893,2019,SEA,1,29,CollLJ00,L.J. Collier,,D,DL,DE
10866,2019,SF,1,2,BosaNi00,Nick Bosa,,D,DL,DE
10869,2019,TB,1,5,WhitDe02,Devin White,,D,LB,LB
10883,2019,TEN,1,19,SimmJe01,Jeffery Simmons,,D,DL,DT
10879,2019,WAS,1,15,HaskDw00,Dwayne Haskins,00-0035232,O,QB,QB
10890,2019,WAS,1,26,SweaMo00,Montez Sweat,,D,DL,DE
11125,2020,ARI,1,8,SimmIs00,Isaiah Simmons,,D,LB,LB
11133,2020,ATL,1,16,TerrAJ00,AJ Terrell,,D,DB,CB
11145,2020,BAL,1,28,QueePa00,Patrick Queen,,D,LB,LB
11124,2020,CAR,1,7,BrowDe05,Derrick Brown,,D,DL,DT
11118,2020,CIN,1,1,BurrJo01,Joe Burrow,00-0036442,O,QB,QB
11127,2020,CLE,1,10,WillJe04,Jedrick Wills Jr.,,O,OL,T
11134,2020,DAL,1,17,LambCe00,CeeDee Lamb,,O,WR,WR
11132,2020,DEN,1,15,JeudJe00,Jerry Jeudy,,O,WR,WR
11120,2020,DET,1,3,OkudJe00,Jeff Okudah,,D,DB,CB
11143,2020,GB,1,26,LoveJo03,Jordan Love,,O,QB,QB
11126,2020,JAX,1,9,HendCJ00,C.J. Henderson,,D,DB,CB
11137,2020,JAX,1,20,ChaiKL00,K'Lavon Chaisson,,D,DL,DE
11149,2020,KC,1,32,EdwaCl00,Clyde Edwards-Helaire,,O,RB,RB
11123,2020,LAC,1,6,HerbJu00,Justin Herbert,00-0036355,O,QB,QB
11140,2020,LAC,1,23,MurrKe00,Kenneth Murray,,D,LB,LB
11129,2020,LV,1,12,RuggHe00,Henry Ruggs III,,O,WR,WR
11136,2020,LV,1,19,ArneDa00,Damon Arnette,,D,DB,CB
11122,2020,MIA,1,5,TagoTu00,Tua Tagovailoa,00-0036212,O,QB,QB
11135,2020,MIA,1,18,JackAu00,Austin Jackson,,O,OL,T
11147,2020,MIA,1,30,IgbiNo00,Noah Igbinoghene,,D,DB,CB
11139,2020,MIN,1,22,JeffJu00,Justin Jefferson,,O,WR,WR
11148,2020,MIN,1,31,GladJe00,Jeff Gladney,,D,DB,CB
11141,2020,NO,1,24,RuizCe00,Cesar Ruiz,,O,OL,C
11121,2020,NYG,1,4,ThomAn02,Andrew Thomas,,O,OL,T
11128,2020,NYJ,1,11,BectMe00,Mekhi Becton,,O,OL,T
11138,2020,PHI,1,21,ReagJa00,Jalen Reagor,,O,WR,WR
11144,2020,SEA,1,27,BrooJo01,Jordyn Brooks,,D,LB,LB
11131,2020,SF,1,14,KinlJa00,Javon Kinlaw,,D,DL,DT
11142,2020,SF,1,25,AiyuBr00,Brandon Aiyuk,,O,WR,WR
11130,2020,TB,1,13,WirfTr00,Tristan Wirfs,,O,OL,T
11146,2020,TEN,1,29,WilsIs00,Isaiah Wilson,,O,OL,T
11119,2020,WAS,1,2,YounCh04,Chase Young,,D,DL,DE
11388,2021,ARI,1,16,CollZa00,Zaven Collins,,D,LB,LB
11376,2021,ATL,1,4,PittKy00,Kyle Pitts,,O,TE,TE
11399,2021,BAL,1,27,BateRa00,Rashod Bateman,,O,WR,WR
11403,2021,BAL,1,31,OwehJa00,Jayson Oweh,,D,DL,DE
11402,2021,BUF,1,30,RousGr00,Gregory Rousseau,,D,DL,DL
11380,2021,CAR,1,8,HornJa00,Jaycee Horn,,D,DB,DB
11383,2021,CHI,1,11,FielJu00,Justin Fields,00-0036945,O,QB,QB
11377,2021,CIN,1,5,ChasJa00,Ja'Marr Chase,,O,WR,WR
11398,2021,CLE,1,26,NewsGr00,Greg Newsome II,,D,DB,DB
11384,2021,DAL,1,12,ParsMi00,Micah Parsons,,D,LB,LB
11381,2021,DEN,1,9,SurtPa01,Patrick Surtain II,,D,DB,DB
11379,2021,DET,1,7,SewePe00,Penei Sewell,,O,OL,OL
11401,2021,GB,1,29,StokEr00,Eric Stokes,,D,DB,DB
11393,2021,IND,1,21,PayeKw00,Kwity Paye,,D,DL,DL
11373,2021,JAX,1,1,LawrTr00,Trevor Lawrence,00-0036971,O,QB,QB
11397,2021,JAX,1,25,EtieTr00,Travis Etienne,,O,RB,RB
11385,2021,LAC,1,13,SlatRa00,Rashawn Slater,,O,OL,OL
11389,2021,LV,1,17,LeatAl00,Alex Leatherwood,,O,OL,OL
11378,2021,MIA,1,6,WaddJa00,Jaylen Waddle,,O,WR,WR
11390,2021,MIA,1,18,PhilJa02,Jaelan Phillips,,D,DL,DL
11395,2021,MIN,1,23,DarrCh00,Christian Darrisaw,,O,OL,OL
11387,2021,NE,1,15,JoneMa05,Mac Jones,00-0036972,O,QB,QB
11400,2021,NO,1,28,TurnPa02,Payton Turner,,D,DL,DE
11392,2021,NYG,1,20,ToneKa00,Kadarius Toney,,O,WR,WR
11374,2021,NYJ,1,2,WilsZa00,Zach Wilson,00-0037013,O,QB,QB
11386,2021,NYJ,1,14,VeraAl00,Alijah Vera-Tucker,,O,OL,OL
11382,2021,PHI,1,10,SmitDe07,DeVonta Smith,,O,WR,WR
11396,2021,PIT,1,24,HarrNa00,Najee Harris,,O,RB,RB
11375,2021,SF,1,3,LancTr00,Trey Lance,00-0037012,O,QB,QB
11404,2021,TB,1,32,TryoJo00,Joe Tryon,,D,LB,LB
11394,2021,TEN,1,22,FarlCa00,Caleb Farley,,D,DB,DB
11391,2021,WAS,1,19,DaviJa11,Jamin Davis,,D,LB,LB
