season,team1,qb1,date,playoff
1966,ARI,Charley Johnson,9,0
1966,ARI,Terry Nofsinger,5,0
1966,ATL,Dennis Claridge,3,0
1966,ATL,Randy Johnson,11,0
1966,BUF,Jack Kemp,15,1
1966,CHI,Rudy Bukich,14,0
1966,CLE,Frank Ryan,14,0
1966,DAL,Don Meredith,14,1
1966,DAL,Jerry Rhome,1,0
1966,DEN,John McCormick,5,0
1966,DEN,Max Choboian,7,0
1966,DEN,Mickey Slaughter,1,0
1966,DEN,Scotty Glacken,1,0
1966,DET,Karl Sweetan,8,0
1966,DET,Milt Plum,6,0
1966,GB,Bart Starr,15,2
1966,GB,Zeke Bratkowski,1,0
1966,IND,Gary Cuozzo,1,0
1966,IND,Johnny Unitas,13,0
1966,KC,Len Dawson,16,2
1966,LAC,John Hadl,12,0
1966,LAC,Steve Tensi,2,0
1966,LAR,Roman Gabriel,14,0
1966,MIA,Dick Wood,4,0
1966,MIA,George Wilson,7,0
1966,MIA,John Stofa,1,0
1966,MIA,Rick Norton,2,0
1966,MIN,Bob Berry,1,0
1966,MIN,Fran Tarkenton,12,0
1966,MIN,Ron Vander Kelen,1,0
1966,NE,Babe Parilli,14,0
1966,NYG,Earl Morrall,7,0
1966,NYG,Gary Wood,6,0
1966,NYG,Tom Kennedy,1,0
1966,NYJ,Joe Namath,13,0
1966,NYJ,Mike Taliaferro,1,0
1966,OAK,Cotton Davidson,4,0
1966,OAK,Tom Flores,10,0
1966,PHI,Jack Concannon,2,0
1966,PHI,King Hill,2,0
1966,PHI,Norm Snead,10,0
1966,PIT,Bill Nelsen,5,0
1966,PIT,George Izo,2,0
1966,PIT,Ron Smith,7,0
1966,SF,George Mira,1,0
1966,SF,John Brodie,13,0
1966,TEN,Buddy Humphrey,1,0
1966,TEN,Don Trull,5,0
1966,TEN,George Blanda,8,0
1966,WSH,Sonny Jurgensen,14,0
1967,ARI,Jim Hart,14,0
1967,ATL,Randy Johnson,12,0
1967,ATL,Steve Sloan,1,0
1967,ATL,Terry Nofsinger,1,0
1967,BUF,Jack Kemp,11,0
1967,BUF,Tom Flores,3,0
1967,CHI,Jack Concannon,12,0
1967,CHI,Larry Rakestraw,2,0
1967,CLE,Frank Ryan,14,1
1967,CLE,Gary Lane,1,0
1967,DAL,Craig Morton,3,0
1967,DAL,Don Meredith,13,2
1967,DEN,Jim LeClair,2,0
1967,DEN,Steve Tensi,12,0
1967,DET,Karl Sweetan,8,0
1967,DET,Milt Plum,6,0
1967,GB,Bart Starr,15,3
1967,GB,Zeke Bratkowski,2,0
1967,IND,Johnny Unitas,14,0
1967,KC,Len Dawson,14,0
1967,LAC,John Hadl,14,0
1967,LAR,Roman Gabriel,15,1
1967,MIA,Bob Griese,10,0
1967,MIA,John Stofa,1,0
1967,MIA,Rick Norton,3,0
1967,MIN,Joe Kapp,11,0
1967,MIN,Ron Vander Kelen,3,0
1967,NE,Babe Parilli,11,0
1967,NE,Don Trull,3,0
1967,NO,Billy Kilmer,4,0
1967,NO,Gary Cuozzo,10,0
1967,NYG,Fran Tarkenton,14,0
1967,NYJ,Joe Namath,14,0
1967,OAK,Daryle Lamonica,16,2
1967,PHI,Norm Snead,14,0
1967,PIT,Bill Nelsen,5,0
1967,PIT,Kent Nix,9,0
1967,SF,George Mira,2,0
1967,SF,John Brodie,10,0
1967,SF,Steve Spurrier,2,0
1967,TEN,Bob Davis,2,0
1967,TEN,Jacky Lee,3,0
1967,TEN,Pete Beathard,10,1
1967,WSH,Sonny Jurgensen,14,0
1968,ARI,Charley Johnson,2,0
1968,ARI,Jim Hart,12,0
1968,ATL,Bob Berry,7,0
1968,ATL,Randy Johnson,7,0
1968,BUF,Dan Darragh,7,0
1968,BUF,Ed Rutkowski,3,0
1968,BUF,Kay Stephenson,3,0
1968,BUF,Tom Flores,1,0
1968,CHI,Jack Concannon,7,0
1968,CHI,Larry Rakestraw,2,0
1968,CHI,Virgil Carter,5,0
1968,CIN,Dewey Warren,4,0
1968,CIN,John Stofa,7,0
1968,CIN,Sam Wyche,3,0
1968,CLE,Bill Nelsen,13,2
1968,CLE,Frank Ryan,3,0
1968,DAL,Craig Morton,1,0
1968,DAL,Don Meredith,14,1
1968,DEN,Jim LeClair,2,0
1968,DEN,John McCormick,1,0
1968,DEN,Marlin Briscoe,5,0
1968,DEN,Steve Tensi,6,0
1968,DET,Bill Munson,12,0
1968,DET,Greg Landry,2,0
1968,GB,Bart Starr,9,0
1968,GB,Zeke Bratkowski,5,0
1968,IND,Earl Morrall,17,3
1968,KC,Jacky Lee,1,0
1968,KC,Len Dawson,14,1
1968,LAC,John Hadl,14,0
1968,LAR,Roman Gabriel,14,0
1968,MIA,Bob Griese,13,0
1968,MIA,Rick Norton,1,0
1968,MIN,Joe Kapp,15,1
1968,NE,Mike Taliaferro,7,0
1968,NE,Tom Sherman,7,0
1968,NO,Billy Kilmer,11,0
1968,NO,Karl Sweetan,3,0
1968,NYG,Fran Tarkenton,14,0
1968,NYJ,Joe Namath,16,2
1968,OAK,Daryle Lamonica,15,2
1968,OAK,George Blanda,1,0
1968,PHI,John Huarte,1,0
1968,PHI,King Hill,2,0
1968,PHI,Norm Snead,11,0
1968,PIT,Dick Shiner,11,0
1968,PIT,Kent Nix,3,0
1968,SF,John Brodie,14,0
1968,TEN,Bob Davis,3,0
1968,TEN,Don Trull,4,0
1968,TEN,Pete Beathard,7,0
1968,WSH,Jim Ninowski,2,0
1968,WSH,Sonny Jurgensen,12,0
1969,ARI,Charley Johnson,9,0
1969,ARI,Jim Hart,5,0
1969,ATL,Bob Berry,7,0
1969,ATL,Bruce Lemmerman,2,0
1969,ATL,Randy Johnson,5,0
1969,BUF,Dan Darragh,2,0
1969,BUF,Jack Kemp,11,0
1969,BUF,James Harris,1,0
1969,CHI,Bobby Douglass,7,0
1969,CHI,Jack Concannon,5,0
1969,CHI,Virgil Carter,2,0
1969,CIN,Greg Cook,11,0
1969,CIN,Sam Wyche,3,0
1969,CLE,Bill Nelsen,16,2
1969,DAL,Craig Morton,14,1
1969,DAL,Roger Staubach,1,0
1969,DEN,Pete Liske,2,0
1969,DEN,Steve Tensi,12,0
1969,DET,Bill Munson,7,0
1969,DET,Greg Landry,7,0
1969,GB,Bart Starr,9,0
1969,GB,Don Horn,5,0
1969,IND,Earl Morrall,2,0
1969,IND,Johnny Unitas,12,0
1969,KC,Jacky Lee,1,0
1969,KC,Len Dawson,10,3
1969,KC,Mike Livingston,6,0
1969,LAC,John Hadl,10,0
1969,LAC,Marty Domres,4,0
1969,LAR,Roman Gabriel,15,1
1969,MIA,Bob Griese,9,0
1969,MIA,Rick Norton,5,0
1969,MIN,Gary Cuozzo,1,0
1969,MIN,Joe Kapp,16,3
1969,NE,Mike Taliaferro,14,0
1969,NO,Billy Kilmer,14,0
1969,NYG,Fran Tarkenton,14,0
1969,NYJ,Joe Namath,15,1
1969,OAK,Daryle Lamonica,16,2
1969,PHI,George Mira,1,0
1969,PHI,Norm Snead,13,0
1969,PIT,Dick Shiner,9,0
1969,PIT,Terry Hanratty,5,0
1969,SF,John Brodie,10,0
1969,SF,Steve Spurrier,4,0
1969,TEN,Bob Davis,1,0
1969,TEN,Don Trull,3,0
1969,TEN,Pete Beathard,11,1
1969,WSH,Sonny Jurgensen,14,0
1970,ARI,Jim Hart,14,0
1970,ATL,Bob Berry,12,0
1970,ATL,Randy Johnson,2,0
1970,BUF,Dan Darragh,2,0
1970,BUF,Dennis Shaw,12,0
1970,CHI,Bobby Douglass,1,0
1970,CHI,Jack Concannon,13,0
1970,CIN,Sam Wyche,3,0
1970,CIN,Virgil Carter,12,1
1970,CLE,Bill Nelsen,12,0
1970,CLE,Don Gault,1,0
1970,CLE,Mike Phipps,1,0
1970,DAL,Craig Morton,14,3
1970,DAL,Roger Staubach,3,0
1970,DEN,Alan Pastrana,3,0
1970,DEN,Pete Liske,9,0
1970,DEN,Steve Tensi,2,0
1970,DET,Bill Munson,8,0
1970,DET,Greg Landry,7,1
1970,GB,Bart Starr,13,0
1970,GB,Don Horn,1,0
1970,IND,Earl Morrall,1,0
1970,IND,Johnny Unitas,16,3
1970,KC,Len Dawson,12,0
1970,KC,Mike Livingston,2,0
1970,LAC,John Hadl,12,0
1970,LAC,Marty Domres,2,0
1970,LAR,Roman Gabriel,14,0
1970,MIA,Bob Griese,15,1
1970,MIN,Bob Lee,2,0
1970,MIN,Gary Cuozzo,13,1
1970,NE,Joe Kapp,10,0
1970,NE,Mike Taliaferro,4,0
1970,NO,Billy Kilmer,10,0
1970,NO,Edd Hargett,4,0
1970,NYG,Fran Tarkenton,14,0
1970,NYJ,Al Woodall,9,0
1970,NYJ,Joe Namath,5,0
1970,OAK,Daryle Lamonica,16,2
1970,PHI,Norm Snead,13,0
1970,PHI,Rick Arrington,1,0
1970,PIT,Terry Bradshaw,8,0
1970,PIT,Terry Hanratty,6,0
1970,SF,John Brodie,16,2
1970,TEN,Charley Johnson,10,0
1970,TEN,Jerry Rhome,4,0
1970,WSH,Sonny Jurgensen,14,0
1971,ARI,Jim Hart,9,0
1971,ARI,Pete Beathard,5,0
1971,ATL,Bob Berry,10,0
1971,ATL,Dick Shiner,4,0
1971,BUF,Dennis Shaw,12,0
1971,BUF,James Harris,2,0
1971,CHI,Bobby Douglass,7,0
1971,CHI,Jack Concannon,3,0
1971,CHI,Kent Nix,4,0
1971,CIN,Ken Anderson,4,0
1971,CIN,Virgil Carter,10,0
1971,CLE,Bill Nelsen,14,1
1971,CLE,Mike Phipps,1,0
1971,DAL,Craig Morton,4,0
1971,DAL,Roger Staubach,13,3
1971,DEN,Don Horn,9,0
1971,DEN,Steve Ramsey,5,0
1971,DET,Greg Landry,14,0
1971,GB,Bart Starr,3,0
1971,GB,Scott Hunter,10,0
1971,GB,Zeke Bratkowski,1,0
1971,IND,Earl Morrall,9,0
1971,IND,Johnny Unitas,7,2
1971,KC,Len Dawson,14,1
1971,KC,Mike Livingston,1,0
1971,LAC,John Hadl,14,0
1971,LAR,Roman Gabriel,14,0
1971,MIA,Bob Griese,16,3
1971,MIA,George Mira,1,0
1971,MIN,Bob Lee,5,1
1971,MIN,Gary Cuozzo,8,0
1971,MIN,Norm Snead,2,0
1971,NE,Jim Plunkett,14,0
1971,NO,Archie Manning,10,0
1971,NO,Edd Hargett,4,0
1971,NYG,Fran Tarkenton,13,0
1971,NYG,Randy Johnson,1,0
1971,NYJ,Al Woodall,4,0
1971,NYJ,Bob Davis,7,0
1971,NYJ,Joe Namath,3,0
1971,OAK,Daryle Lamonica,13,0
1971,OAK,Ken Stabler,1,0
1971,PHI,Pete Liske,10,0
1971,PHI,Rick Arrington,4,0
1971,PIT,Terry Bradshaw,13,0
1971,PIT,Terry Hanratty,1,0
1971,SF,John Brodie,16,2
1971,TEN,Charley Johnson,4,0
1971,TEN,Dan Pastorini,8,0
1971,TEN,Lynn Dickey,2,0
1971,WSH,Billy Kilmer,14,1
1971,WSH,Sonny Jurgensen,1,0
1972,ARI,Gary Cuozzo,6,0
1972,ARI,Jim Hart,3,0
1972,ARI,Tim Van Galder,5,0
1972,ATL,Bob Berry,14,0
1972,BUF,Dennis Shaw,13,0
1972,BUF,Leo Hart,1,0
1972,CHI,Bobby Douglass,14,0
1972,CIN,Ken Anderson,13,0
1972,CIN,Virgil Carter,1,0
1972,CLE,Bill Nelsen,1,0
1972,CLE,Mike Phipps,14,1
1972,DAL,Craig Morton,15,1
1972,DAL,Roger Staubach,1,1
1972,DEN,Charley Johnson,9,0
1972,DEN,Steve Ramsey,5,0
1972,DET,Greg Landry,14,0
1972,GB,Scott Hunter,15,1
1972,IND,Johnny Unitas,5,0
1972,IND,Marty Domres,9,0
1972,KC,Len Dawson,12,0
1972,KC,Mike Livingston,2,0
1972,LAC,John Hadl,14,0
1972,LAR,Pete Beathard,2,0
1972,LAR,Roman Gabriel,12,0
1972,MIA,Bob Griese,6,1
1972,MIA,Earl Morrall,11,2
1972,MIN,Fran Tarkenton,14,0
1972,NE,Jim Plunkett,14,0
1972,NO,Archie Manning,14,0
1972,NYG,Norm Snead,13,0
1972,NYG,Randy Johnson,1,0
1972,NYJ,Bob Davis,1,0
1972,NYJ,Joe Namath,13,0
1972,OAK,Daryle Lamonica,14,1
1972,OAK,Ken Stabler,1,0
1972,PHI,John Reaves,7,0
1972,PHI,Pete Liske,7,0
1972,PIT,Terry Bradshaw,16,2
1972,SF,John Brodie,6,1
1972,SF,Steve Spurrier,9,0
1972,TEN,Dan Pastorini,12,0
1972,TEN,Kent Nix,2,0
1972,WSH,Billy Kilmer,13,3
1972,WSH,Sonny Jurgensen,4,0
1973,ARI,Gary Keithley,3,0
1973,ARI,Jim Hart,11,0
1973,ATL,Bob Lee,10,0
1973,ATL,Dick Shiner,4,0
1973,BUF,Joe Ferguson,14,0
1973,CHI,Bobby Douglass,12,0
1973,CHI,Gary Huff,2,0
1973,CIN,Ken Anderson,15,1
1973,CLE,Mike Phipps,14,0
1973,DAL,Roger Staubach,16,2
1973,DEN,Charley Johnson,14,0
1973,DET,Bill Munson,7,0
1973,DET,Greg Landry,7,0
1973,GB,Jerry Tagge,6,0
1973,GB,Jim Del Gaizo,3,0
1973,GB,Scott Hunter,5,0
1973,IND,Bert Jones,5,0
1973,IND,Marty Domres,9,0
1973,KC,Len Dawson,6,0
1973,KC,Mike Livingston,8,0
1973,LAC,Dan Fouts,6,0
1973,LAC,Johnny Unitas,4,0
1973,LAC,Wayne Clark,4,0
1973,LAR,John Hadl,15,1
1973,MIA,Bob Griese,16,3
1973,MIA,Earl Morrall,1,0
1973,MIN,Fran Tarkenton,17,3
1973,NE,Jim Plunkett,14,0
1973,NO,Archie Manning,13,0
1973,NO,Bobby Scott,1,0
1973,NYG,Norm Snead,7,0
1973,NYG,Randy Johnson,7,0
1973,NYJ,Al Woodall,6,0
1973,NYJ,Bill Demory,3,0
1973,NYJ,Joe Namath,5,0
1973,OAK,Daryle Lamonica,3,0
1973,OAK,Ken Stabler,13,2
1973,PHI,Roman Gabriel,14,0
1973,PIT,Joe Gilliam,1,0
1973,PIT,Terry Bradshaw,10,1
1973,PIT,Terry Hanratty,4,0
1973,SF,Joe Reed,3,0
1973,SF,John Brodie,6,0
1973,SF,Steve Spurrier,5,0
1973,TEN,Dan Pastorini,10,0
1973,TEN,Lynn Dickey,4,0
1973,WSH,Billy Kilmer,11,1
1973,WSH,Sonny Jurgensen,4,0
1974,ARI,Jim Hart,15,1
1974,ATL,Bob Lee,9,0
1974,ATL,Kim McQuilken,2,0
1974,ATL,Pat Sullivan,3,0
1974,BUF,Joe Ferguson,15,1
1974,CHI,Bobby Douglass,3,0
1974,CHI,Gary Huff,11,0
1974,CIN,Ken Anderson,13,0
1974,CIN,Wayne Clark,1,0
1974,CLE,Brian Sipe,5,0
1974,CLE,Mike Phipps,9,0
1974,DAL,Roger Staubach,14,0
1974,DEN,Charley Johnson,12,0
1974,DEN,Steve Ramsey,2,0
1974,DET,Bill Munson,11,0
1974,DET,Greg Landry,3,0
1974,GB,Jack Concannon,2,0
1974,GB,Jerry Tagge,6,0
1974,GB,John Hadl,6,0
1974,IND,Bert Jones,8,0
1974,IND,Marty Domres,6,0
1974,KC,Len Dawson,8,0
1974,KC,Mike Livingston,6,0
1974,LAC,Dan Fouts,11,0
1974,LAC,Jesse Freitas,3,0
1974,LAR,James Harris,11,2
1974,LAR,John Hadl,5,0
1974,MIA,Bob Griese,14,1
1974,MIA,Earl Morrall,1,0
1974,MIN,Bob Berry,1,0
1974,MIN,Fran Tarkenton,16,3
1974,NE,Jim Plunkett,14,0
1974,NO,Archie Manning,11,0
1974,NO,Bobby Scott,1,0
1974,NO,Larry Cipa,2,0
1974,NYG,Craig Morton,7,0
1974,NYG,Jim Del Gaizo,2,0
1974,NYG,Norm Snead,5,0
1974,NYJ,Joe Namath,14,0
1974,OAK,Ken Stabler,15,2
1974,OAK,Larry Lawrence,1,0
1974,PHI,Mike Boryla,3,0
1974,PHI,Roman Gabriel,11,0
1974,PIT,Joe Gilliam,6,0
1974,PIT,Terry Bradshaw,10,3
1974,PIT,Terry Hanratty,1,0
1974,SF,Dennis Morrison,2,0
1974,SF,Joe Reed,4,0
1974,SF,Norm Snead,1,0
1974,SF,Tom Owen,7,0
1974,TEN,Dan Pastorini,10,0
1974,TEN,Lynn Dickey,4,0
1974,WSH,Billy Kilmer,11,1
1974,WSH,Sonny Jurgensen,4,0
1975,ARI,Jim Hart,15,1
1975,ATL,Kim McQuilken,2,0
1975,ATL,Pat Sullivan,1,0
1975,ATL,Steve Bartkowski,11,0
1975,BUF,Joe Ferguson,14,0
1975,CHI,Bob Avellini,4,0
1975,CHI,Bobby Douglass,1,0
1975,CHI,Gary Huff,9,0
1975,CIN,John Reaves,1,0
1975,CIN,Ken Anderson,14,1
1975,CLE,Brian Sipe,2,0
1975,CLE,Mike Phipps,11,0
1975,CLE,Will Cureton,1,0
1975,DAL,Clint Longley,1,0
1975,DAL,Roger Staubach,16,3
1975,DEN,Charley Johnson,6,0
1975,DEN,John Hufnagel,1,0
1975,DEN,Steve Ramsey,7,0
1975,DET,Bill Munson,3,0
1975,DET,Greg Landry,3,0
1975,DET,Joe Reed,8,0
1975,GB,Don Milan,1,0
1975,GB,John Hadl,13,0
1975,IND,Bert Jones,15,1
1975,KC,Len Dawson,5,0
1975,KC,Mike Livingston,7,0
1975,KC,Tony Adams,2,0
1975,LAC,Dan Fouts,9,0
1975,LAC,Jesse Freitas,4,0
1975,LAC,Virgil Carter,1,0
1975,LAR,James Harris,14,1
1975,LAR,Ron Jaworski,2,1
1975,MIA,Bob Griese,10,0
1975,MIA,Don Strock,3,0
1975,MIA,Earl Morrall,1,0
1975,MIN,Fran Tarkenton,15,1
1975,NE,Jim Plunkett,5,0
1975,NE,Neil Graff,2,0
1975,NE,Steve Grogan,7,0
1975,NO,Archie Manning,13,0
1975,NO,Larry Cipa,1,0
1975,NYG,Craig Morton,14,0
1975,NYJ,J.J. Jones,1,0
1975,NYJ,Joe Namath,13,0
1975,OAK,Ken Stabler,15,2
1975,OAK,Larry Lawrence,1,0
1975,PHI,Mike Boryla,5,0
1975,PHI,Roman Gabriel,9,0
1975,PIT,Terry Bradshaw,17,3
1975,SF,Norm Snead,7,0
1975,SF,Steve Spurrier,6,0
1975,SF,Tom Owen,1,0
1975,TEN,Dan Pastorini,14,0
1975,WSH,Billy Kilmer,12,0
1975,WSH,Randy Johnson,2,0
1976,ARI,Jim Hart,14,0
1976,ATL,Kim McQuilken,3,0
1976,ATL,Scott Hunter,6,0
1976,ATL,Steve Bartkowski,5,0
1976,BUF,Gary Marangi,7,0
1976,BUF,Joe Ferguson,7,0
1976,CHI,Bob Avellini,14,0
1976,CIN,Ken Anderson,14,0
1976,CLE,Brian Sipe,12,0
1976,CLE,Mike Phipps,2,0
1976,DAL,Roger Staubach,15,1
1976,DEN,Craig Penrose,2,0
1976,DEN,Steve Ramsey,12,0
1976,DET,Greg Landry,12,0
1976,DET,Joe Reed,2,0
1976,GB,Carlos Brown,3,0
1976,GB,Lynn Dickey,10,0
1976,GB,Randy Johnson,1,0
1976,IND,Bert Jones,15,1
1976,KC,Mike Livingston,14,0
1976,LAC,Clint Longley,1,0
1976,LAC,Dan Fouts,13,0
1976,LAR,James Harris,5,0
1976,LAR,Pat Haden,9,2
1976,LAR,Ron Jaworski,2,0
1976,MIA,Bob Griese,13,0
1976,MIA,Don Strock,1,0
1976,MIN,Bob Lee,1,0
1976,MIN,Fran Tarkenton,16,3
1976,NE,Steve Grogan,15,1
1976,NO,Bobby Douglass,6,0
1976,NO,Bobby Scott,8,0
1976,NYG,Craig Morton,12,0
1976,NYG,Norm Snead,2,0
1976,NYJ,Joe Namath,8,0
1976,NYJ,Richard Todd,6,0
1976,OAK,Ken Stabler,15,3
1976,OAK,Mike Rae,2,0
1976,PHI,Mike Boryla,10,0
1976,PHI,Roman Gabriel,4,0
1976,PIT,Mike Kruczek,6,0
1976,PIT,Terry Bradshaw,10,2
1976,SEA,Jim Zorn,14,0
1976,SF,Jim Plunkett,12,0
1976,SF,Scott Bull,2,0
1976,TB,Parnell Dickinson,1,0
1976,TB,Steve Spurrier,12,0
1976,TB,Terry Hanratty,1,0
1976,TEN,Dan Pastorini,10,0
1976,TEN,John Hadl,4,0
1976,WSH,Billy Kilmer,10,1
1976,WSH,Joe Theismann,5,0
1977,ARI,Jim Hart,14,0
1977,ATL,Scott Hunter,7,0
1977,ATL,Steve Bartkowski,7,0
1977,BUF,Joe Ferguson,14,0
1977,CHI,Bob Avellini,15,1
1977,CIN,John Reaves,1,0
1977,CIN,Ken Anderson,13,0
1977,CLE,Brian Sipe,9,0
1977,CLE,Dave Mays,4,0
1977,CLE,Terry Luck,1,0
1977,DAL,Roger Staubach,17,3
1977,DEN,Craig Morton,17,3
1977,DET,Gary Danielson,2,0
1977,DET,Greg Landry,11,0
1977,DET,Joe Reed,1,0
1977,GB,David Whitehurst,5,0
1977,GB,Lynn Dickey,9,0
1977,IND,Bert Jones,15,1
1977,KC,Mike Livingston,11,0
1977,KC,Tony Adams,3,0
1977,LAC,Cliff Olander,1,0
1977,LAC,Dan Fouts,4,0
1977,LAC,James Harris,9,0
1977,LAR,Joe Namath,4,0
1977,LAR,Pat Haden,11,1
1977,MIA,Bob Griese,14,0
1977,MIN,Bob Lee,6,2
1977,MIN,Fran Tarkenton,9,0
1977,MIN,Tommy Kramer,1,0
1977,NE,Steve Grogan,14,0
1977,NO,Archie Manning,9,0
1977,NO,Bobby Douglass,2,0
1977,NO,Bobby Scott,3,0
1977,NYG,Jerry Golsteyn,3,0
1977,NYG,Joe Pisarcik,11,0
1977,NYJ,Marty Domres,2,0
1977,NYJ,Matt Robinson,1,0
1977,NYJ,Richard Todd,11,0
1977,OAK,Ken Stabler,15,2
1977,OAK,Mike Rae,1,0
1977,PHI,Ron Jaworski,14,0
1977,PIT,Terry Bradshaw,15,1
1977,SEA,Jim Zorn,10,0
1977,SEA,Steve Myer,4,0
1977,SF,Jim Plunkett,14,0
1977,TB,Gary Huff,6,0
1977,TB,Jeb Blount,4,0
1977,TB,Randy Hedberg,4,0
1977,TEN,Dan Pastorini,12,0
1977,TEN,John Hadl,2,0
1977,WSH,Billy Kilmer,8,0
1977,WSH,Joe Theismann,6,0
1978,ARI,Jim Hart,15,0
1978,ARI,Steve Pisarkiewicz,1,0
1978,ATL,June Jones,3,0
1978,ATL,Steve Bartkowski,15,2
1978,BUF,Joe Ferguson,16,0
1978,CHI,Bob Avellini,12,0
1978,CHI,Mike Phipps,4,0
1978,CIN,John Reaves,4,0
1978,CIN,Ken Anderson,12,0
1978,CLE,Brian Sipe,16,0
1978,DAL,Danny White,1,0
1978,DAL,Roger Staubach,18,3
1978,DEN,Craig Morton,14,1
1978,DEN,Craig Penrose,2,0
1978,DEN,Norris Weese,1,0
1978,DET,Gary Danielson,11,0
1978,DET,Greg Landry,5,0
1978,GB,David Whitehurst,16,0
1978,IND,Bert Jones,3,0
1978,IND,Bill Troup,11,0
1978,IND,Mike Kirkland,2,0
1978,KC,Mike Livingston,14,0
1978,KC,Tony Adams,2,0
1978,LAC,Dan Fouts,14,0
1978,LAC,James Harris,2,0
1978,LAR,Pat Haden,18,2
1978,MIA,Bob Griese,10,1
1978,MIA,Don Strock,7,0
1978,MIN,Fran Tarkenton,17,1
1978,NE,Steve Grogan,17,1
1978,NO,Archie Manning,16,0
1978,NYG,Jerry Golsteyn,2,0
1978,NYG,Joe Pisarcik,12,0
1978,NYG,Randy Dean,2,0
1978,NYJ,Matt Robinson,11,0
1978,NYJ,Richard Todd,5,0
1978,OAK,Ken Stabler,16,0
1978,PHI,Ron Jaworski,17,1
1978,PIT,Terry Bradshaw,19,3
1978,SEA,Jim Zorn,16,0
1978,SF,Scott Bull,5,0
1978,SF,Steve DeBerg,11,0
1978,TB,Doug Williams,10,0
1978,TB,Mike Boryla,1,0
1978,TB,Mike Rae,5,0
1978,TEN,Dan Pastorini,19,3
1978,WSH,Billy Kilmer,2,0
1978,WSH,Joe Theismann,14,0
1979,ARI,Jim Hart,13,0
1979,ARI,Steve Pisarkiewicz,3,0
1979,ATL,June Jones,2,0
1979,ATL,Steve Bartkowski,14,0
1979,BUF,Joe Ferguson,16,0
1979,CHI,Bob Avellini,3,0
1979,CHI,Mike Phipps,11,1
1979,CHI,Vince Evans,3,0
1979,CIN,Jack Thompson,1,0
1979,CIN,Ken Anderson,15,0
1979,CLE,Brian Sipe,16,0
1979,DAL,Roger Staubach,17,1
1979,DEN,Craig Morton,11,1
1979,DEN,Norris Weese,6,0
1979,DET,Jeff Komlo,14,0
1979,DET,Jerry Golsteyn,1,0
1979,DET,Joe Reed,1,0
1979,GB,David Whitehurst,13,0
1979,GB,Lynn Dickey,3,0
1979,IND,Bert Jones,4,0
1979,IND,Greg Landry,12,0
1979,KC,Mike Livingston,4,0
1979,KC,Steve Fuller,12,0
1979,LAC,Dan Fouts,17,1
1979,LAR,Jeff Rutledge,1,0
1979,LAR,Pat Haden,10,0
1979,LAR,Vince Ferragamo,8,3
1979,MIA,Bob Griese,13,1
1979,MIA,Don Strock,4,0
1979,MIN,Tommy Kramer,16,0
1979,NE,Steve Grogan,16,0
1979,NO,Archie Manning,16,0
1979,NYG,Joe Pisarcik,4,0
1979,NYG,Phil Simms,11,0
1979,NYG,Randy Dean,1,0
1979,NYJ,Matt Robinson,1,0
1979,NYJ,Richard Todd,15,0
1979,OAK,Ken Stabler,16,0
1979,PHI,Ron Jaworski,18,2
1979,PIT,Terry Bradshaw,19,3
1979,SEA,Jim Zorn,16,0
1979,SF,Joe Montana,1,0
1979,SF,Steve DeBerg,15,0
1979,TB,Doug Williams,18,2
1979,TEN,Dan Pastorini,17,2
1979,TEN,Gifford Nielsen,2,1
1979,WSH,Joe Theismann,16,0
1980,ARI,Jim Hart,15,0
1980,ARI,Mike Loyd,1,0
1980,ATL,Steve Bartkowski,17,1
1980,BUF,Joe Ferguson,17,1
1980,CHI,Mike Phipps,6,0
1980,CHI,Vince Evans,10,0
1980,CIN,Jack Thompson,4,0
1980,CIN,Ken Anderson,12,0
1980,CLE,Brian Sipe,17,1
1980,DAL,Danny White,19,3
1980,DEN,Craig Morton,9,0
1980,DEN,Matt Robinson,7,0
1980,DET,Gary Danielson,16,0
1980,GB,Lynn Dickey,16,0
1980,IND,Bert Jones,15,0
1980,IND,Greg Landry,1,0
1980,KC,Bill Kenney,3,0
1980,KC,Steve Fuller,13,0
1980,LAC,Dan Fouts,18,2
1980,LAR,Pat Haden,1,0
1980,LAR,Vince Ferragamo,16,1
1980,MIA,Bob Griese,3,0
1980,MIA,David Woodley,11,0
1980,MIA,Don Strock,2,0
1980,MIN,Steve Dils,1,0
1980,MIN,Tommy Kramer,16,1
1980,NE,Matt Cavanaugh,4,0
1980,NE,Steve Grogan,12,0
1980,NO,Archie Manning,16,0
1980,NYG,Phil Simms,13,0
1980,NYG,Scott Brunner,3,0
1980,NYJ,Richard Todd,16,0
1980,OAK,Dan Pastorini,5,0
1980,OAK,Jim Plunkett,15,4
1980,PHI,Ron Jaworski,19,3
1980,PIT,Cliff Stoudt,1,0
1980,PIT,Terry Bradshaw,15,0
1980,SEA,Jim Zorn,16,0
1980,SF,Joe Montana,7,0
1980,SF,Steve DeBerg,9,0
1980,TB,Doug Williams,16,0
1980,TEN,Ken Stabler,17,1
1980,WSH,Joe Theismann,15,0
1980,WSH,Mike Kruczek,1,0
1981,ARI,Jim Hart,9,0
1981,ARI,Neil Lomax,7,0
1981,ATL,Steve Bartkowski,16,0
1981,BUF,Joe Ferguson,18,2
1981,CHI,Vince Evans,16,0
1981,CIN,Ken Anderson,19,3
1981,CLE,Brian Sipe,16,0
1981,DAL,Danny White,17,2
1981,DAL,Glenn Carano,1,0
1981,DEN,Craig Morton,15,0
1981,DEN,Steve DeBerg,1,0
1981,DET,Eric Hipple,10,0
1981,DET,Gary Danielson,4,0
1981,DET,Jeff Komlo,2,0
1981,GB,David Whitehurst,3,0
1981,GB,Lynn Dickey,13,0
1981,IND,Bert Jones,15,0
1981,IND,David Humm,1,0
1981,KC,Bill Kenney,13,0
1981,KC,Steve Fuller,3,0
1981,LAC,Dan Fouts,18,2
1981,LAR,Dan Pastorini,5,0
1981,LAR,Pat Haden,11,0
1981,MIA,David Woodley,16,1
1981,MIA,Don Strock,1,0
1981,MIN,Steve Dils,2,0
1981,MIN,Tommy Kramer,14,0
1981,NE,Matt Cavanaugh,8,0
1981,NE,Steve Grogan,7,0
1981,NE,Tom Owen,1,0
1981,NO,Archie Manning,11,0
1981,NO,Bobby Scott,1,0
1981,NO,Dave Wilson,4,0
1981,NYG,Phil Simms,10,0
1981,NYG,Scott Brunner,8,2
1981,NYJ,Richard Todd,17,1
1981,OAK,Jim Plunkett,7,0
1981,OAK,Marc Wilson,9,0
1981,PHI,Ron Jaworski,17,1
1981,PIT,Mark Malone,2,0
1981,PIT,Terry Bradshaw,14,0
1981,SEA,Dave Krieg,3,0
1981,SEA,Jim Zorn,13,0
1981,SF,Joe Montana,19,3
1981,TB,Doug Williams,17,1
1981,TEN,Gifford Nielsen,2,0
1981,TEN,John Reaves,2,0
1981,TEN,Ken Stabler,12,0
1981,WSH,Joe Theismann,16,0
1982,ARI,Neil Lomax,10,1
1982,ATL,Steve Bartkowski,10,1
1982,BUF,Joe Ferguson,9,0
1982,CHI,Bob Avellini,2,0
1982,CHI,Jim McMahon,7,0
1982,CIN,Ken Anderson,10,1
1982,CLE,Brian Sipe,6,0
1982,CLE,Paul McDonald,4,1
1982,DAL,Danny White,12,3
1982,DEN,Craig Morton,3,0
1982,DEN,Mark Herrmann,1,0
1982,DEN,Steve DeBerg,5,0
1982,DET,Eric Hipple,5,1
1982,DET,Gary Danielson,5,0
1982,GB,Lynn Dickey,11,2
1982,IND,Mike Pagel,9,0
1982,KC,Bill Kenney,6,0
1982,KC,Steve Fuller,3,0
1982,LAC,Dan Fouts,11,2
1982,LAR,Bert Jones,4,0
1982,LAR,Vince Ferragamo,5,0
1982,MIA,David Woodley,13,4
1982,MIN,Tommy Kramer,11,2
1982,NE,Matt Cavanaugh,3,0
1982,NE,Steve Grogan,7,1
1982,NO,Guido Merkens,1,0
1982,NO,Ken Stabler,8,0
1982,NYG,Scott Brunner,9,0
1982,NYJ,Richard Todd,12,3
1982,OAK,Jim Plunkett,11,2
1982,PHI,Ron Jaworski,9,0
1982,PIT,Terry Bradshaw,10,1
1982,SEA,Dave Krieg,2,0
1982,SEA,Jim Zorn,7,0
1982,SF,Joe Montana,9,0
1982,TB,Doug Williams,10,1
1982,TEN,Archie Manning,5,0
1982,TEN,Gifford Nielsen,4,0
1982,WSH,Joe Theismann,13,4
1983,ARI,Jim Hart,3,0
1983,ARI,Neil Lomax,13,0
1983,ATL,Mike Moroski,2,0
1983,ATL,Steve Bartkowski,14,0
1983,BUF,Joe Ferguson,16,0
1983,CHI,Jim McMahon,13,0
1983,CHI,Vince Evans,3,0
1983,CIN,Ken Anderson,13,0
1983,CIN,Turk Schonert,3,0
1983,CLE,Brian Sipe,14,0
1983,CLE,Paul McDonald,2,0
1983,DAL,Danny White,17,1
1983,DEN,Gary Kubiak,1,0
1983,DEN,John Elway,10,0
1983,DEN,Steve DeBerg,6,1
1983,DET,Eric Hipple,16,0
1983,DET,Gary Danielson,1,1
1983,GB,Lynn Dickey,16,0
1983,IND,Mark Herrmann,1,0
1983,IND,Mike Pagel,15,0
1983,KC,Bill Kenney,16,0
1983,LAC,Dan Fouts,10,0
1983,LAC,Ed Luther,6,0
1983,LAR,Vince Ferragamo,18,2
1983,MIA,Dan Marino,10,1
1983,MIA,David Woodley,5,0
1983,MIA,Don Strock,2,0
1983,MIN,Steve Dils,12,0
1983,MIN,Tommy Kramer,3,0
1983,MIN,Wade Wilson,1,0
1983,NE,Steve Grogan,12,0
1983,NE,Tony Eason,4,0
1983,NO,Dave Wilson,2,0
1983,NO,Ken Stabler,14,0
1983,NYG,Jeff Rutledge,4,0
1983,NYG,Scott Brunner,12,0
1983,NYJ,Richard Todd,16,0
1983,OAK,Jim Plunkett,16,3
1983,OAK,Marc Wilson,3,0
1983,PHI,Ron Jaworski,16,0
1983,PIT,Cliff Stoudt,16,1
1983,PIT,Terry Bradshaw,1,0
1983,SEA,Dave Krieg,11,3
1983,SEA,Jim Zorn,8,0
1983,SF,Joe Montana,18,2
1983,TB,Jack Thompson,13,0
1983,TB,Jerry Golsteyn,3,0
1983,TEN,Archie Manning,3,0
1983,TEN,Gifford Nielsen,7,0
1983,TEN,Oliver Luck,6,0
1983,WSH,Joe Theismann,19,3
1984,ARI,Neil Lomax,16,0
1984,ATL,Mike Moroski,5,0
1984,ATL,Steve Bartkowski,11,0
1984,BUF,Joe Dufek,5,0
1984,BUF,Joe Ferguson,11,0
1984,CHI,Bob Avellini,1,0
1984,CHI,Greg Landry,1,0
1984,CHI,Jim McMahon,9,0
1984,CHI,Rusty Lisch,1,0
1984,CHI,Steve Fuller,6,2
1984,CIN,Boomer Esiason,4,0
1984,CIN,Ken Anderson,9,0
1984,CIN,Turk Schonert,3,0
1984,CLE,Paul McDonald,16,0
1984,DAL,Danny White,6,0
1984,DAL,Gary Hogeboom,10,0
1984,DEN,Gary Kubiak,2,0
1984,DEN,John Elway,15,1
1984,DET,Eric Hipple,1,0
1984,DET,Gary Danielson,14,0
1984,DET,John Witkowski,1,0
1984,GB,Lynn Dickey,15,0
1984,GB,Randy Wright,1,0
1984,IND,Art Schlichter,5,0
1984,IND,Mark Herrmann,2,0
1984,IND,Mike Pagel,9,0
1984,KC,Bill Kenney,8,0
1984,KC,Todd Blackledge,8,0
1984,LAC,Dan Fouts,13,0
1984,LAC,Ed Luther,3,0
1984,LAR,Jeff Kemp,14,1
1984,LAR,Vince Ferragamo,3,0
1984,MIA,Dan Marino,19,3
1984,MIN,Archie Manning,2,0
1984,MIN,Tommy Kramer,9,0
1984,MIN,Wade Wilson,5,0
1984,NE,Steve Grogan,3,0
1984,NE,Tony Eason,13,0
1984,NO,Dave Wilson,2,0
1984,NO,Richard Todd,14,0
1984,NYG,Phil Simms,18,2
1984,NYJ,Ken O'Brien,5,0
1984,NYJ,Pat Ryan,11,0
1984,OAK,Jim Plunkett,7,1
1984,OAK,Marc Wilson,10,0
1984,PHI,Joe Pisarcik,3,0
1984,PHI,Ron Jaworski,13,0
1984,PIT,David Woodley,7,0
1984,PIT,Mark Malone,11,2
1984,SEA,Dave Krieg,18,2
1984,SF,Joe Montana,18,3
1984,SF,Matt Cavanaugh,1,0
1984,TB,Jack Thompson,3,0
1984,TB,Steve DeBerg,13,0
1984,TEN,Warren Moon,16,0
1984,WSH,Joe Theismann,17,1
1985,ARI,Neil Lomax,16,0
1985,ATL,David Archer,11,0
1985,ATL,Steve Bartkowski,5,0
1985,BUF,Bruce Mathison,7,0
1985,BUF,Vince Ferragamo,9,0
1985,CHI,Jim McMahon,14,3
1985,CHI,Steve Fuller,5,0
1985,CIN,Boomer Esiason,14,0
1985,CIN,Ken Anderson,2,0
1985,CLE,Bernie Kosar,11,1
1985,CLE,Gary Danielson,6,0
1985,DAL,Danny White,15,1
1985,DAL,Gary Hogeboom,2,0
1985,DEN,John Elway,16,0
1985,DET,Eric Hipple,15,0
1985,DET,Joe Ferguson,1,0
1985,GB,Jim Zorn,5,0
1985,GB,Lynn Dickey,10,0
1985,GB,Randy Wright,1,0
1985,IND,Art Schlichter,1,0
1985,IND,Matt Kofler,1,0
1985,IND,Mike Pagel,14,0
1985,KC,Bill Kenney,10,0
1985,KC,Todd Blackledge,6,0
1985,LAC,Dan Fouts,12,0
1985,LAC,Mark Herrmann,4,0
1985,LAR,Dieter Brock,17,2
1985,LAR,Jeff Kemp,1,0
1985,MIA,Dan Marino,18,2
1985,MIN,Tommy Kramer,15,0
1985,MIN,Wade Wilson,1,0
1985,NE,Steve Grogan,6,0
1985,NE,Tony Eason,14,4
1985,NO,Bobby Hebert,6,0
1985,NO,Dave Wilson,10,0
1985,NYG,Phil Simms,18,2
1985,NYJ,Ken O'Brien,17,1
1985,OAK,Jim Plunkett,3,0
1985,OAK,Marc Wilson,14,1
1985,PHI,Randall Cunningham,4,0
1985,PHI,Ron Jaworski,12,0
1985,PIT,David Woodley,6,0
1985,PIT,Mark Malone,8,0
1985,PIT,Scott Campbell,2,0
1985,SEA,Dave Krieg,16,0
1985,SF,Joe Montana,16,1
1985,SF,Matt Cavanaugh,1,0
1985,TB,Steve DeBerg,11,0
1985,TB,Steve Young,5,0
1985,TEN,Oliver Luck,2,0
1985,TEN,Warren Moon,14,0
1985,WSH,Jay Schroeder,5,0
1985,WSH,Joe Theismann,11,0
1986,ARI,Cliff Stoudt,2,0
1986,ARI,Neil Lomax,14,0
1986,ATL,David Archer,11,0
1986,ATL,Turk Schonert,5,0
1986,BUF,Jim Kelly,16,0
1986,CHI,Doug Flutie,2,1
1986,CHI,Jim McMahon,6,0
1986,CHI,Mike Tomczak,7,0
1986,CHI,Steve Fuller,2,0
1986,CIN,Boomer Esiason,16,0
1986,CLE,Bernie Kosar,18,2
1986,DAL,Danny White,6,0
1986,DAL,Reggie Collier,1,0
1986,DAL,Steve Pelluer,9,0
1986,DEN,John Elway,19,3
1986,DET,Chuck Long,2,0
1986,DET,Eric Hipple,10,0
1986,DET,Joe Ferguson,4,0
1986,GB,Randy Wright,16,0
1986,IND,Gary Hogeboom,5,0
1986,IND,Jack Trudeau,11,0
1986,KC,Bill Kenney,8,0
1986,KC,Todd Blackledge,9,1
1986,LAC,Dan Fouts,12,0
1986,LAC,Mark Herrmann,1,0
1986,LAC,Tom Flick,3,0
1986,LAR,Jim Everett,6,1
1986,LAR,Steve Bartkowski,6,0
1986,LAR,Steve Dils,5,0
1986,MIA,Dan Marino,16,0
1986,MIN,Tommy Kramer,13,0
1986,MIN,Wade Wilson,3,0
1986,NE,Steve Grogan,2,0
1986,NE,Tony Eason,15,1
1986,NO,Bobby Hebert,3,0
1986,NO,Dave Wilson,13,0
1986,NYG,Phil Simms,19,3
1986,NYJ,Ken O'Brien,14,0
1986,NYJ,Pat Ryan,4,2
1986,OAK,Jim Plunkett,8,0
1986,OAK,Marc Wilson,8,0
1986,PHI,Matt Cavanaugh,2,0
1986,PHI,Randall Cunningham,5,0
1986,PHI,Ron Jaworski,9,0
1986,PIT,Bubby Brister,2,0
1986,PIT,Mark Malone,14,0
1986,SEA,Dave Krieg,14,0
1986,SEA,Gale Gilbert,2,0
1986,SF,Jeff Kemp,6,0
1986,SF,Joe Montana,9,1
1986,SF,Mike Moroski,2,0
1986,TB,Steve DeBerg,2,0
1986,TB,Steve Young,14,0
1986,TEN,Oliver Luck,1,0
1986,TEN,Warren Moon,15,0
1986,WSH,Jay Schroeder,19,3
1987,ARI,Neil Lomax,12,0
1987,ARI,Sammy Garza,1,0
1987,ARI,Shawn Halloran,2,0
1987,ATL,Chris Miller,2,0
1987,ATL,David Archer,1,0
1987,ATL,Erik Kramer,2,0
1987,ATL,Jeff Van Raaphorst,1,0
1987,ATL,Scott Campbell,9,0
1987,BUF,Brian McClure,1,0
1987,BUF,Dan Manucci,1,0
1987,BUF,Jim Kelly,12,0
1987,BUF,Willie Totten,1,0
1987,CHI,Jim McMahon,7,1
1987,CHI,Mike Hohensee,2,0
1987,CHI,Mike Tomczak,6,0
1987,CHI,Steve Bradley,1,0
1987,CIN,Adrian Breen,1,0
1987,CIN,Boomer Esiason,12,0
1987,CIN,Dave Walter,2,0
1987,CLE,Bernie Kosar,14,2
1987,CLE,Gary Danielson,1,0
1987,CLE,Jeff Christensen,2,0
1987,DAL,Danny White,9,0
1987,DAL,Kevin Sweeney,2,0
1987,DAL,Steve Pelluer,4,0
1987,DEN,John Elway,15,3
1987,DEN,Ken Karcher,3,0
1987,DET,Chuck Long,12,0
1987,DET,Todd Hons,3,0
1987,GB,Alan Risher,3,0
1987,GB,Don Majkowski,5,0
1987,GB,Randy Wright,7,0
1987,IND,Blair Kiel,1,0
1987,IND,Gary Hogeboom,6,0
1987,IND,Jack Trudeau,9,1
1987,KC,Bill Kenney,8,0
1987,KC,Doug Hudson,1,0
1987,KC,Frank Seurer,2,0
1987,KC,Matt Stevens,2,0
1987,KC,Todd Blackledge,2,0
1987,LAC,Dan Fouts,10,0
1987,LAC,Mark Herrmann,2,0
1987,LAC,Mike Kelley,1,0
1987,LAC,Rick Neuheisel,2,0
1987,LAR,Jim Everett,11,0
1987,LAR,Steve Dils,4,0
1987,MIA,Dan Marino,12,0
1987,MIA,Kyle Mackey,3,0
1987,MIN,Tommy Kramer,6,1
1987,MIN,Tony Adams,3,0
1987,MIN,Wade Wilson,9,2
1987,NE,Bob Bleier,2,0
1987,NE,Doug Flutie,1,0
1987,NE,Steve Grogan,6,0
1987,NE,Tom Ramsey,3,0
1987,NE,Tony Eason,3,0
1987,NO,Bobby Hebert,13,1
1987,NO,John Fourcade,3,0
1987,NYG,Jeff Rutledge,4,0
1987,NYG,Jim Crocicchia,1,0
1987,NYG,Mike Busch,1,0
1987,NYG,Phil Simms,9,0
1987,NYJ,David Norrie,2,0
1987,NYJ,Ken O'Brien,12,0
1987,NYJ,Pat Ryan,1,0
1987,OAK,Marc Wilson,7,0
1987,OAK,Rusty Hilger,5,0
1987,OAK,Vince Evans,3,0
1987,PHI,Randall Cunningham,12,0
1987,PHI,Scott Tinsley,3,0
1987,PIT,Mark Malone,12,0
1987,PIT,Steve Bono,3,0
1987,SEA,Bruce Mathison,2,0
1987,SEA,Dave Krieg,13,1
1987,SEA,Jeff Kemp,1,0
1987,SF,Bob Gagliano,1,0
1987,SF,Joe Montana,12,1
1987,SF,Steve Young,3,0
1987,TB,Jim Zorn,1,0
1987,TB,John Reaves,2,0
1987,TB,Steve DeBerg,8,0
1987,TB,Vinny Testaverde,4,0
1987,TEN,Brent Pease,3,0
1987,TEN,Warren Moon,14,2
1987,WSH,Doug Williams,5,3
1987,WSH,Ed Rubbert,3,0
1987,WSH,Jay Schroeder,10,0
1988,ARI,Cliff Stoudt,2,0
1988,ARI,Neil Lomax,14,0
1988,ATL,Chris Miller,13,0
1988,ATL,Steve Dils,3,0
1988,BUF,Jim Kelly,18,2
1988,CHI,Jim Harbaugh,2,0
1988,CHI,Jim McMahon,10,1
1988,CHI,Mike Tomczak,6,1
1988,CIN,Boomer Esiason,19,3
1988,CLE,Bernie Kosar,9,0
1988,CLE,Don Strock,3,1
1988,CLE,Gary Danielson,1,0
1988,CLE,Mike Pagel,4,0
1988,DAL,Kevin Sweeney,2,0
1988,DAL,Steve Pelluer,14,0
1988,DEN,Gary Kubiak,1,0
1988,DEN,John Elway,15,0
1988,DET,Chuck Long,7,0
1988,DET,Rusty Hilger,9,0
1988,GB,Don Majkowski,9,0
1988,GB,Randy Wright,7,0
1988,IND,Chris Chandler,13,0
1988,IND,Gary Hogeboom,1,0
1988,IND,Jack Trudeau,2,0
1988,KC,Bill Kenney,5,0
1988,KC,Steve DeBerg,11,0
1988,LAC,Babe Laufenberg,6,0
1988,LAC,Mark Malone,8,0
1988,LAC,Mark Vlasic,2,0
1988,LAR,Jim Everett,17,1
1988,MIA,Dan Marino,16,0
1988,MIN,Tommy Kramer,6,0
1988,MIN,Wade Wilson,12,2
1988,NE,Doug Flutie,9,0
1988,NE,Steve Grogan,4,0
1988,NE,Tom Ramsey,1,0
1988,NE,Tony Eason,2,0
1988,NO,Bobby Hebert,16,0
1988,NYG,Jeff Hostetler,1,0
1988,NYG,Phil Simms,15,0
1988,NYJ,Ken O'Brien,12,0
1988,NYJ,Pat Ryan,4,0
1988,OAK,Jay Schroeder,8,0
1988,OAK,Steve Beuerlein,8,0
1988,PHI,Randall Cunningham,17,1
1988,PIT,Bubby Brister,13,0
1988,PIT,Todd Blackledge,3,0
1988,SEA,Dave Krieg,10,1
1988,SEA,Jeff Kemp,1,0
1988,SEA,Kelly Stouffer,6,0
1988,SF,Joe Montana,16,3
1988,SF,Steve Young,3,0
1988,TB,Joe Ferguson,1,0
1988,TB,Vinny Testaverde,15,0
1988,TEN,Cody Carlson,5,0
1988,TEN,Warren Moon,13,2
1988,WSH,Doug Williams,10,0
1988,WSH,Mark Rypien,6,0
1989,ARI,Gary Hogeboom,13,0
1989,ARI,Timm Rosenbach,1,0
1989,ARI,Tom Tupa,2,0
1989,ATL,Chris Miller,15,0
1989,ATL,Hugh Millen,1,0
1989,BUF,Frank Reich,3,0
1989,BUF,Jim Kelly,14,1
1989,CHI,Jim Harbaugh,5,0
1989,CHI,Mike Tomczak,11,0
1989,CIN,Boomer Esiason,15,0
1989,CIN,Turk Schonert,1,0
1989,CLE,Bernie Kosar,18,2
1989,DAL,Steve Walsh,5,0
1989,DAL,Troy Aikman,11,0
1989,DEN,Gary Kubiak,1,0
1989,DEN,John Elway,18,3
1989,DET,Bob Gagliano,7,0
1989,DET,Eric Hipple,1,0
1989,DET,Rodney Peete,8,0
1989,GB,Don Majkowski,16,0
1989,IND,Chris Chandler,3,0
1989,IND,Jack Trudeau,12,0
1989,IND,Tom Ramsey,1,0
1989,KC,Ron Jaworski,3,0
1989,KC,Steve DeBerg,10,0
1989,KC,Steve Pelluer,3,0
1989,LAC,Billy Joe Tolliver,5,0
1989,LAC,Jim McMahon,11,0
1989,LAR,Jim Everett,19,3
1989,MIA,Dan Marino,16,0
1989,MIN,Tommy Kramer,4,0
1989,MIN,Wade Wilson,13,1
1989,NE,Doug Flutie,3,0
1989,NE,Marc Wilson,4,0
1989,NE,Steve Grogan,6,0
1989,NE,Tony Eason,3,0
1989,NO,Bobby Hebert,13,0
1989,NO,John Fourcade,3,0
1989,NYG,Jeff Hostetler,1,0
1989,NYG,Phil Simms,16,1
1989,NYJ,Ken O'Brien,12,0
1989,NYJ,Kyle Mackey,1,0
1989,NYJ,Pat Ryan,1,0
1989,NYJ,Tony Eason,2,0
1989,OAK,Jay Schroeder,9,0
1989,OAK,Steve Beuerlein,7,0
1989,PHI,Randall Cunningham,17,1
1989,PIT,Bubby Brister,16,2
1989,PIT,Todd Blackledge,2,0
1989,SEA,Dave Krieg,14,0
1989,SEA,Kelly Stouffer,2,0
1989,SF,Joe Montana,16,3
1989,SF,Steve Young,3,0
1989,TB,Joe Ferguson,2,0
1989,TB,Vinny Testaverde,14,0
1989,TEN,Warren Moon,17,1
1989,WSH,Doug Williams,2,0
1989,WSH,Mark Rypien,14,0
1990,ARI,Timm Rosenbach,16,0
1990,ATL,Chris Miller,12,0
1990,ATL,Hugh Millen,2,0
1990,ATL,Scott Campbell,2,0
1990,BUF,Frank Reich,2,0
1990,BUF,Jim Kelly,17,3
1990,CHI,Jim Harbaugh,14,0
1990,CHI,Mike Tomczak,4,2
1990,CIN,Boomer Esiason,18,2
1990,CLE,Bernie Kosar,13,0
1990,CLE,Mike Pagel,3,0
1990,DAL,Babe Laufenberg,1,0
1990,DAL,Troy Aikman,15,0
1990,DEN,John Elway,16,0
1990,DET,Andre Ware,1,0
1990,DET,Bob Gagliano,4,0
1990,DET,Rodney Peete,11,0
1990,GB,Anthony Dilweg,7,0
1990,GB,Blair Kiel,1,0
1990,GB,Don Majkowski,8,0
1990,IND,Jack Trudeau,4,0
1990,IND,Jeff George,12,0
1990,KC,Steve DeBerg,17,1
1990,LAC,Billy Joe Tolliver,14,0
1990,LAC,John Friesz,1,0
1990,LAC,Mark Vlasic,1,0
1990,LAR,Jim Everett,16,0
1990,MIA,Dan Marino,18,2
1990,MIN,Rich Gannon,12,0
1990,MIN,Wade Wilson,4,0
1990,NE,Marc Wilson,6,0
1990,NE,Steve Grogan,4,0
1990,NE,Tom Hodson,6,0
1990,NO,John Fourcade,5,0
1990,NO,Steve Walsh,12,1
1990,NYG,Jeff Hostetler,5,3
1990,NYG,Phil Simms,14,0
1990,NYJ,Ken O'Brien,16,0
1990,OAK,Jay Schroeder,18,2
1990,PHI,Randall Cunningham,17,1
1990,PIT,Bubby Brister,16,0
1990,SEA,Dave Krieg,16,0
1990,SF,Joe Montana,17,2
1990,SF,Steve Young,1,0
1990,TB,Chris Chandler,3,0
1990,TB,Vinny Testaverde,13,0
1990,TEN,Cody Carlson,2,1
1990,TEN,Warren Moon,15,0
1990,WSH,Jeff Rutledge,1,0
1990,WSH,Mark Rypien,12,2
1990,WSH,Stan Humphries,5,0
1991,ARI,Chris Chandler,2,0
1991,ARI,Stan Gelbaugh,3,0
1991,ARI,Tom Tupa,11,0
1991,ATL,Billy Joe Tolliver,2,0
1991,ATL,Chris Miller,16,2
1991,BUF,Frank Reich,1,0
1991,BUF,Jim Kelly,18,3
1991,CHI,Jim Harbaugh,17,1
1991,CIN,Boomer Esiason,14,0
1991,CIN,Donald Hollas,1,0
1991,CIN,Erik Wilhelm,1,0
1991,CLE,Bernie Kosar,16,0
1991,DAL,Steve Beuerlein,6,2
1991,DAL,Troy Aikman,12,0
1991,DEN,John Elway,18,2
1991,DET,Erik Kramer,10,2
1991,DET,Rodney Peete,8,0
1991,GB,Blair Kiel,1,0
1991,GB,Don Majkowski,8,0
1991,GB,Mike Tomczak,7,0
1991,IND,Jeff George,16,0
1991,KC,Mark Vlasic,1,0
1991,KC,Steve DeBerg,17,2
1991,LAC,John Friesz,16,0
1991,LAR,Jim Everett,16,0
1991,MIA,Dan Marino,16,0
1991,MIN,Rich Gannon,11,0
1991,MIN,Wade Wilson,5,0
1991,NE,Hugh Millen,13,0
1991,NE,Tom Hodson,3,0
1991,NO,Bobby Hebert,10,1
1991,NO,Steve Walsh,7,0
1991,NYG,Jeff Hostetler,12,0
1991,NYG,Phil Simms,4,0
1991,NYJ,Ken O'Brien,17,1
1991,OAK,Jay Schroeder,15,0
1991,OAK,Todd Marinovich,2,1
1991,PHI,Brad Goebel,2,0
1991,PHI,Jeff Kemp,2,0
1991,PHI,Jim McMahon,11,0
1991,PHI,Randall Cunningham,1,0
1991,PIT,Bubby Brister,8,0
1991,PIT,Neil O'Donnell,8,0
1991,SEA,Dan McGwire,1,0
1991,SEA,Dave Krieg,9,0
1991,SEA,Jeff Kemp,5,0
1991,SEA,Kelly Stouffer,1,0
1991,SF,Steve Bono,6,0
1991,SF,Steve Young,10,0
1991,TB,Chris Chandler,3,0
1991,TB,Jeff Carlson,1,0
1991,TB,Vinny Testaverde,12,0
1991,TEN,Warren Moon,18,2
1991,WSH,Mark Rypien,19,3
1992,ARI,Chris Chandler,13,0
1992,ARI,Timm Rosenbach,3,0
1992,ATL,Billy Joe Tolliver,5,0
1992,ATL,Chris Miller,8,0
1992,ATL,Wade Wilson,3,0
1992,BUF,Frank Reich,2,2
1992,BUF,Jim Kelly,18,2
1992,CHI,Jim Harbaugh,13,0
1992,CHI,Peter Tom Willis,2,0
1992,CHI,Will Furrer,1,0
1992,CIN,Boomer Esiason,11,0
1992,CIN,David Klingler,4,0
1992,CIN,Donald Hollas,1,0
1992,CLE,Bernie Kosar,7,0
1992,CLE,Mike Tomczak,8,0
1992,CLE,Todd Philcox,1,0
1992,DAL,Troy Aikman,19,3
1992,DEN,John Elway,12,0
1992,DEN,Tommy Maddox,4,0
1992,DET,Andre Ware,3,0
1992,DET,Erik Kramer,3,0
1992,DET,Rodney Peete,10,0
1992,GB,Brett Favre,13,0
1992,GB,Don Majkowski,3,0
1992,IND,Jack Trudeau,5,0
1992,IND,Jeff George,10,0
1992,IND,Mark Herrmann,1,0
1992,KC,Dave Krieg,17,1
1992,LAC,Bob Gagliano,1,0
1992,LAC,Stan Humphries,17,2
1992,LAR,Jim Everett,16,0
1992,MIA,Dan Marino,18,2
1992,MIN,Rich Gannon,12,0
1992,MIN,Sean Salisbury,5,1
1992,NE,Hugh Millen,7,0
1992,NE,Jeff Carlson,2,0
1992,NE,Scott Zolak,4,0
1992,NE,Tom Hodson,3,0
1992,NO,Bobby Hebert,17,1
1992,NYG,Jeff Hostetler,9,0
1992,NYG,Kent Graham,3,0
1992,NYG,Phil Simms,4,0
1992,NYJ,Browning Nagle,13,0
1992,NYJ,Ken O'Brien,3,0
1992,OAK,Jay Schroeder,9,0
1992,OAK,Todd Marinovich,7,0
1992,PHI,Jim McMahon,1,0
1992,PHI,Randall Cunningham,17,2
1992,PIT,Bubby Brister,4,0
1992,PIT,Neil O'Donnell,13,1
1992,SEA,Dan McGwire,1,0
1992,SEA,Kelly Stouffer,7,0
1992,SEA,Stan Gelbaugh,8,0
1992,SF,Steve Young,18,2
1992,TB,Steve DeBerg,2,0
1992,TB,Vinny Testaverde,14,0
1992,TEN,Cody Carlson,6,0
1992,TEN,Warren Moon,11,1
1992,WSH,Mark Rypien,18,2
1993,ARI,Chris Chandler,2,0
1993,ARI,Steve Beuerlein,14,0
1993,ATL,Billy Joe Tolliver,2,0
1993,ATL,Bobby Hebert,12,0
1993,ATL,Chris Miller,2,0
1993,BUF,Jim Kelly,19,3
1993,CHI,Jim Harbaugh,15,0
1993,CHI,Peter Tom Willis,1,0
1993,CIN,David Klingler,13,0
1993,CIN,Jay Schroeder,3,0
1993,CLE,Bernie Kosar,6,0
1993,CLE,Todd Philcox,4,0
1993,CLE,Vinny Testaverde,6,0
1993,DAL,Bernie Kosar,1,0
1993,DAL,Jason Garrett,1,0
1993,DAL,Troy Aikman,17,3
1993,DEN,John Elway,17,1
1993,DET,Andre Ware,2,0
1993,DET,Erik Kramer,5,1
1993,DET,Rodney Peete,10,0
1993,GB,Brett Favre,18,2
1993,IND,Jack Trudeau,5,0
1993,IND,Jeff George,11,0
1993,KC,Dave Krieg,5,0
1993,KC,Joe Montana,14,3
1993,LAC,John Friesz,6,0
1993,LAC,Stan Humphries,10,0
1993,LAR,Jim Everett,9,0
1993,LAR,T.J. Rubley,7,0
1993,MIA,Dan Marino,5,0
1993,MIA,Scott Mitchell,7,0
1993,MIA,Steve DeBerg,4,0
1993,MIN,Jim McMahon,13,1
1993,MIN,Sean Salisbury,4,0
1993,NE,Drew Bledsoe,12,0
1993,NE,Scott Secules,4,0
1993,NO,Mike Buck,1,0
1993,NO,Steve Walsh,1,0
1993,NO,Wade Wilson,14,0
1993,NYG,Phil Simms,18,2
1993,NYJ,Boomer Esiason,16,0
1993,OAK,Jeff Hostetler,17,2
1993,OAK,Vince Evans,1,0
1993,PHI,Bubby Brister,8,0
1993,PHI,Ken O'Brien,4,0
1993,PHI,Randall Cunningham,4,0
1993,PIT,Mike Tomczak,1,0
1993,PIT,Neil O'Donnell,16,1
1993,SEA,Rick Mirer,16,0
1993,SF,Steve Young,18,2
1993,TB,Craig Erickson,15,0
1993,TB,Steve DeBerg,1,0
1993,TEN,Cody Carlson,2,0
1993,TEN,Warren Moon,15,1
1993,WSH,Cary Conklin,2,0
1993,WSH,Mark Rypien,10,0
1993,WSH,Rich Gannon,4,0
1994,ARI,Jay Schroeder,8,0
1994,ARI,Jim McMahon,1,0
1994,ARI,Steve Beuerlein,7,0
1994,ATL,Jeff George,16,0
1994,BUF,Frank Reich,2,0
1994,BUF,Jim Kelly,14,0
1994,CHI,Erik Kramer,5,0
1994,CHI,Steve Walsh,13,2
1994,CIN,David Klingler,7,0
1994,CIN,Jeff Blake,9,0
1994,CLE,Mark Rypien,3,0
1994,CLE,Vinny Testaverde,15,2
1994,DAL,Jason Garrett,1,0
1994,DAL,Rodney Peete,1,0
1994,DAL,Troy Aikman,16,2
1994,DEN,Hugh Millen,2,0
1994,DEN,John Elway,14,0
1994,DET,Dave Krieg,8,1
1994,DET,Scott Mitchell,9,0
1994,GB,Brett Favre,18,2
1994,IND,Browning Nagle,1,0
1994,IND,Don Majkowski,6,0
1994,IND,Jim Harbaugh,9,0
1994,KC,Joe Montana,15,1
1994,KC,Steve Bono,2,0
1994,LAC,Gale Gilbert,1,0
1994,LAC,Stan Humphries,18,3
1994,LAR,Chris Chandler,6,0
1994,LAR,Chris Miller,10,0
1994,MIA,Dan Marino,18,2
1994,MIN,Sean Salisbury,1,0
1994,MIN,Warren Moon,16,1
1994,NE,Drew Bledsoe,17,1
1994,NO,Jim Everett,16,0
1994,NYG,Dave Brown,15,0
1994,NYG,Kent Graham,1,0
1994,NYJ,Boomer Esiason,14,0
1994,NYJ,Jack Trudeau,2,0
1994,OAK,Jeff Hostetler,16,0
1994,PHI,Bubby Brister,2,0
1994,PHI,Randall Cunningham,14,0
1994,PIT,Mike Tomczak,2,0
1994,PIT,Neil O'Donnell,16,2
1994,SEA,Dan McGwire,3,0
1994,SEA,Rick Mirer,13,0
1994,SF,Steve Young,19,3
1994,TB,Craig Erickson,14,0
1994,TB,Trent Dilfer,2,0
1994,TEN,Billy Joe Tolliver,7,0
1994,TEN,Bucky Richardson,4,0
1994,TEN,Cody Carlson,5,0
1994,WSH,Gus Frerotte,4,0
1994,WSH,Heath Shuler,8,0
1994,WSH,John Friesz,4,0
1995,ARI,Dave Krieg,16,0
1995,ATL,Jeff George,17,1
1995,BUF,Jim Kelly,17,2
1995,BUF,Todd Collins,1,0
1995,CAR,Frank Reich,3,0
1995,CAR,Kerry Collins,13,0
1995,CHI,Erik Kramer,16,0
1995,CIN,Jeff Blake,16,0
1995,CLE,Eric Zeier,4,0
1995,CLE,Vinny Testaverde,12,0
1995,DAL,Troy Aikman,19,3
1995,DEN,John Elway,16,0
1995,DET,Scott Mitchell,17,1
1995,GB,Brett Favre,19,3
1995,IND,Craig Erickson,3,0
1995,IND,Jim Harbaugh,15,3
1995,IND,Paul Justin,1,0
1995,JAX,Mark Brunell,10,0
1995,JAX,Steve Beuerlein,6,0
1995,KC,Steve Bono,17,1
1995,LAC,Gale Gilbert,1,0
1995,LAC,Stan Humphries,16,1
1995,LAR,Chris Miller,13,0
1995,LAR,Mark Rypien,3,0
1995,MIA,Bernie Kosar,2,0
1995,MIA,Dan Marino,15,1
1995,MIN,Warren Moon,16,0
1995,NE,Drew Bledsoe,15,0
1995,NE,Scott Zolak,1,0
1995,NO,Jim Everett,16,0
1995,NYG,Dave Brown,16,0
1995,NYJ,Boomer Esiason,12,0
1995,NYJ,Bubby Brister,4,0
1995,OAK,Billy Joe Hobert,2,0
1995,OAK,Jeff Hostetler,11,0
1995,OAK,Vince Evans,3,0
1995,PHI,Randall Cunningham,4,0
1995,PHI,Rodney Peete,14,2
1995,PIT,Mike Tomczak,4,0
1995,PIT,Neil O'Donnell,15,3
1995,SEA,John Friesz,3,0
1995,SEA,Rick Mirer,13,0
1995,SF,Elvis Grbac,5,0
1995,SF,Steve Young,12,1
1995,TB,Trent Dilfer,16,0
1995,TEN,Chris Chandler,13,0
1995,TEN,Steve McNair,2,0
1995,TEN,Will Furrer,1,0
1995,WSH,Gus Frerotte,11,0
1995,WSH,Heath Shuler,5,0
1996,ARI,Boomer Esiason,8,0
1996,ARI,Kent Graham,8,0
1996,ATL,Bobby Hebert,13,0
1996,ATL,Jeff George,3,0
1996,BAL,Vinny Testaverde,16,0
1996,BUF,Jim Kelly,14,1
1996,BUF,Todd Collins,3,0
1996,CAR,Kerry Collins,14,2
1996,CAR,Steve Beuerlein,4,0
1996,CHI,Dave Krieg,12,0
1996,CHI,Erik Kramer,4,0
1996,CIN,Jeff Blake,16,0
1996,DAL,Troy Aikman,17,2
1996,DAL,Wade Wilson,1,0
1996,DEN,Bill Musgrave,1,0
1996,DEN,John Elway,16,1
1996,DET,Don Majkowski,2,0
1996,DET,Scott Mitchell,14,0
1996,GB,Brett Favre,19,3
1996,IND,Jim Harbaugh,15,1
1996,IND,Paul Justin,2,0
1996,JAX,Mark Brunell,19,3
1996,KC,Rich Gannon,3,0
1996,KC,Steve Bono,13,0
1996,LAC,Sean Salisbury,3,0
1996,LAC,Stan Humphries,13,0
1996,LAR,Steve Walsh,3,0
1996,LAR,Tony Banks,13,0
1996,MIA,Craig Erickson,3,0
1996,MIA,Dan Marino,13,0
1996,MIN,Brad Johnson,9,1
1996,MIN,Warren Moon,8,0
1996,NE,Drew Bledsoe,19,3
1996,NO,Doug Nussmeier,1,0
1996,NO,Jim Everett,15,0
1996,NYG,Dave Brown,16,0
1996,NYJ,Frank Reich,7,0
1996,NYJ,Glenn Foley,3,0
1996,NYJ,Neil O'Donnell,6,0
1996,OAK,Billy Joe Hobert,3,0
1996,OAK,Jeff Hostetler,13,0
1996,PHI,Rodney Peete,5,0
1996,PHI,Ty Detmer,12,1
1996,PIT,Jim Miller,1,0
1996,PIT,Mike Tomczak,17,2
1996,SEA,John Friesz,6,0
1996,SEA,Rick Mirer,9,0
1996,SEA,Stan Gelbaugh,1,0
1996,SF,Elvis Grbac,4,0
1996,SF,Steve Young,14,2
1996,TB,Trent Dilfer,16,0
1996,TEN,Chris Chandler,12,0
1996,TEN,Steve McNair,4,0
1996,WSH,Gus Frerotte,16,0
1997,ARI,Jake Plummer,9,0
1997,ARI,Kent Graham,6,0
1997,ARI,Stoney Case,1,0
1997,ATL,Billy Joe Tolliver,1,0
1997,ATL,Chris Chandler,14,0
1997,ATL,Tony Graziani,1,0
1997,BAL,Eric Zeier,3,0
1997,BAL,Vinny Testaverde,13,0
1997,BUF,Alex Van Pelt,3,0
1997,BUF,Todd Collins,13,0
1997,CAR,Kerry Collins,13,0
1997,CAR,Steve Beuerlein,3,0
1997,CHI,Erik Kramer,13,0
1997,CHI,Rick Mirer,3,0
1997,CIN,Boomer Esiason,5,0
1997,CIN,Jeff Blake,11,0
1997,DAL,Troy Aikman,16,0
1997,DEN,John Elway,20,4
1997,DET,Scott Mitchell,17,1
1997,GB,Brett Favre,19,3
1997,IND,Jim Harbaugh,11,0
1997,IND,Kelly Holcomb,1,0
1997,IND,Paul Justin,4,0
1997,JAX,Mark Brunell,15,1
1997,JAX,Rob Johnson,1,0
1997,JAX,Steve Matthews,1,0
1997,KC,Elvis Grbac,11,1
1997,KC,Rich Gannon,6,0
1997,LAC,Craig Whelihan,7,0
1997,LAC,Jim Everett,1,0
1997,LAC,Stan Humphries,8,0
1997,LAR,Tony Banks,16,0
1997,MIA,Dan Marino,17,1
1997,MIN,Brad Johnson,13,0
1997,MIN,Randall Cunningham,5,2
1997,NE,Drew Bledsoe,18,2
1997,NO,Billy Joe Hobert,4,0
1997,NO,Danny Wuerffel,2,0
1997,NO,Doug Nussmeier,1,0
1997,NO,Heath Shuler,9,0
1997,NYG,Danny Kanell,11,1
1997,NYG,Dave Brown,6,0
1997,NYJ,Glenn Foley,2,0
1997,NYJ,Neil O'Donnell,14,0
1997,OAK,Jeff George,16,0
1997,PHI,Bobby Hoying,6,0
1997,PHI,Rodney Peete,3,0
1997,PHI,Ty Detmer,7,0
1997,PIT,Kordell Stewart,18,2
1997,SEA,John Friesz,1,0
1997,SEA,Jon Kitna,1,0
1997,SEA,Warren Moon,14,0
1997,SF,Jim Druckenmiller,1,0
1997,SF,Steve Young,17,2
1997,TB,Trent Dilfer,18,2
1997,TEN,Steve McNair,16,0
1997,WSH,Gus Frerotte,13,0
1997,WSH,Jeff Hostetler,3,0
1998,ARI,Jake Plummer,18,2
1998,ATL,Chris Chandler,17,3
1998,ATL,Steve DeBerg,1,0
1998,ATL,Tony Graziani,1,0
1998,BAL,Eric Zeier,4,0
1998,BAL,Jim Harbaugh,12,0
1998,BUF,Doug Flutie,11,1
1998,BUF,Rob Johnson,6,0
1998,CAR,Kerry Collins,4,0
1998,CAR,Steve Beuerlein,12,0
1998,CHI,Erik Kramer,8,0
1998,CHI,Moses Moreno,1,0
1998,CHI,Steve Stenstrom,7,0
1998,CIN,Jeff Blake,2,0
1998,CIN,Neil O'Donnell,11,0
1998,CIN,Paul Justin,3,0
1998,DAL,Jason Garrett,5,0
1998,DAL,Troy Aikman,12,1
1998,DEN,Bubby Brister,4,0
1998,DEN,John Elway,15,3
1998,DET,Charlie Batch,12,0
1998,DET,Frank Reich,2,0
1998,DET,Scott Mitchell,2,0
1998,GB,Brett Favre,17,1
1998,IND,Peyton Manning,16,0
1998,JAX,Jamie Martin,1,0
1998,JAX,Jonathan Quinn,2,0
1998,JAX,Mark Brunell,15,2
1998,KC,Elvis Grbac,6,0
1998,KC,Rich Gannon,10,0
1998,LAC,Craig Whelihan,7,0
1998,LAC,Ryan Leaf,9,0
1998,LAR,Steve Bono,2,0
1998,LAR,Tony Banks,14,0
1998,MIA,Dan Marino,18,2
1998,MIN,Brad Johnson,2,0
1998,MIN,Randall Cunningham,16,2
1998,NE,Drew Bledsoe,14,0
1998,NE,Scott Zolak,3,1
1998,NO,Billy Joe Hobert,1,0
1998,NO,Billy Joe Tolliver,4,0
1998,NO,Danny Wuerffel,4,0
1998,NO,Kerry Collins,7,0
1998,NYG,Danny Kanell,10,0
1998,NYG,Kent Graham,6,0
1998,NYJ,Glenn Foley,3,0
1998,NYJ,Vinny Testaverde,15,2
1998,OAK,Donald Hollas,6,0
1998,OAK,Jeff George,7,0
1998,OAK,Wade Wilson,3,0
1998,PHI,Bobby Hoying,7,0
1998,PHI,Koy Detmer,5,0
1998,PHI,Rodney Peete,4,0
1998,PIT,Kordell Stewart,16,0
1998,SEA,John Friesz,1,0
1998,SEA,Jon Kitna,5,0
1998,SEA,Warren Moon,10,0
1998,SF,Steve Young,17,2
1998,SF,Ty Detmer,1,0
1998,TB,Trent Dilfer,16,0
1998,TEN,Steve McNair,16,0
1998,WSH,Gus Frerotte,2,0
1998,WSH,Trent Green,14,0
1999,ARI,Dave Brown,5,0
1999,ARI,Jake Plummer,11,0
1999,ATL,Chris Chandler,12,0
1999,ATL,Danny Kanell,1,0
1999,ATL,Tony Graziani,3,0
1999,BAL,Scott Mitchell,2,0
1999,BAL,Stoney Case,4,0
1999,BAL,Tony Banks,10,0
1999,BUF,Doug Flutie,15,0
1999,BUF,Rob Johnson,2,1
1999,CAR,Steve Beuerlein,16,0
1999,CHI,Cade McNown,6,0
1999,CHI,Jim Miller,3,0
1999,CHI,Shane Matthews,7,0
1999,CIN,Akili Smith,4,0
1999,CIN,Jeff Blake,12,0
1999,CLE,Tim Couch,14,0
1999,CLE,Ty Detmer,2,0
1999,DAL,Jason Garrett,2,0
1999,DAL,Troy Aikman,15,1
1999,DEN,Brian Griese,13,0
1999,DEN,Chris Miller,3,0
1999,DET,Charlie Batch,10,0
1999,DET,Gus Frerotte,7,1
1999,GB,Brett Favre,16,0
1999,IND,Peyton Manning,17,1
1999,JAX,Jay Fiedler,1,0
1999,JAX,Mark Brunell,17,2
1999,KC,Elvis Grbac,16,0
1999,LAC,Erik Kramer,4,0
1999,LAC,Jim Harbaugh,12,0
1999,LAR,Kurt Warner,19,3
1999,MIA,Damon Huard,5,0
1999,MIA,Dan Marino,13,2
1999,MIN,Jeff George,12,2
1999,MIN,Randall Cunningham,6,0
1999,NE,Drew Bledsoe,16,0
1999,NO,Billy Joe Hobert,7,0
1999,NO,Billy Joe Tolliver,7,0
1999,NO,Jake Delhomme,2,0
1999,NYG,Kent Graham,9,0
1999,NYG,Kerry Collins,7,0
1999,NYJ,Ray Lucas,9,0
1999,NYJ,Rick Mirer,6,0
1999,NYJ,Vinny Testaverde,1,0
1999,OAK,Rich Gannon,16,0
1999,PHI,Donovan McNabb,6,0
1999,PHI,Doug Pederson,9,0
1999,PHI,Koy Detmer,1,0
1999,PIT,Kordell Stewart,11,0
1999,PIT,Mike Tomczak,5,0
1999,SEA,Glenn Foley,1,0
1999,SEA,Jon Kitna,16,1
1999,SF,Jeff Garcia,10,0
1999,SF,Steve Stenstrom,3,0
1999,SF,Steve Young,3,0
1999,TB,Eric Zeier,1,0
1999,TB,Shaun King,7,2
1999,TB,Trent Dilfer,10,0
1999,TEN,Neil O'Donnell,5,0
1999,TEN,Steve McNair,15,4
1999,WSH,Brad Johnson,18,2
2000,ARI,Dave Brown,2,0
2000,ARI,Jake Plummer,14,0
2000,ATL,Chris Chandler,13,0
2000,ATL,Danny Kanell,1,0
2000,ATL,Doug Johnson,2,0
2000,BAL,Tony Banks,8,0
2000,BAL,Trent Dilfer,12,4
2000,BUF,Doug Flutie,5,0
2000,BUF,Rob Johnson,11,0
2000,CAR,Steve Beuerlein,16,0
2000,CHI,Cade McNown,9,0
2000,CHI,Jim Miller,2,0
2000,CHI,Shane Matthews,5,0
2000,CIN,Akili Smith,11,0
2000,CIN,Scott Mitchell,5,0
2000,CLE,Doug Pederson,8,0
2000,CLE,Spergon Wynn,1,0
2000,CLE,Tim Couch,7,0
2000,DAL,Anthony Wright,2,0
2000,DAL,Randall Cunningham,3,0
2000,DAL,Troy Aikman,11,0
2000,DEN,Brian Griese,10,0
2000,DEN,Gus Frerotte,7,1
2000,DET,Charlie Batch,15,0
2000,DET,Stoney Case,1,0
2000,GB,Brett Favre,16,0
2000,IND,Peyton Manning,17,1
2000,JAX,Mark Brunell,16,0
2000,KC,Elvis Grbac,15,0
2000,KC,Warren Moon,1,0
2000,LAC,Jim Harbaugh,5,0
2000,LAC,Moses Moreno,2,0
2000,LAC,Ryan Leaf,9,0
2000,LAR,Kurt Warner,12,1
2000,LAR,Trent Green,5,0
2000,MIA,Damon Huard,1,0
2000,MIA,Jay Fiedler,17,2
2000,MIN,Daunte Culpepper,18,2
2000,NE,Drew Bledsoe,16,0
2000,NO,Aaron Brooks,7,2
2000,NO,Jeff Blake,11,0
2000,NYG,Kerry Collins,19,3
2000,NYJ,Vinny Testaverde,16,0
2000,OAK,Rich Gannon,18,2
2000,PHI,Donovan McNabb,18,2
2000,PIT,Kent Graham,5,0
2000,PIT,Kordell Stewart,11,0
2000,SEA,Brock Huard,4,0
2000,SEA,Jon Kitna,12,0
2000,SF,Jeff Garcia,16,0
2000,TB,Shaun King,17,1
2000,TEN,Neil O'Donnell,1,0
2000,TEN,Steve McNair,16,1
2000,WSH,Brad Johnson,11,0
2000,WSH,Jeff George,5,0
2001,ARI,Jake Plummer,16,0
2001,ATL,Chris Chandler,14,0
2001,ATL,Michael Vick,2,0
2001,BAL,Elvis Grbac,16,2
2001,BAL,Randall Cunningham,2,0
2001,BUF,Alex Van Pelt,8,0
2001,BUF,Rob Johnson,8,0
2001,CAR,Chris Weinke,15,0
2001,CAR,Matt Lytle,1,0
2001,CHI,Jim Miller,14,1
2001,CHI,Shane Matthews,3,0
2001,CIN,Akili Smith,1,0
2001,CIN,Jon Kitna,15,0
2001,CLE,Tim Couch,16,0
2001,DAL,Anthony Wright,3,0
2001,DAL,Clint Stoerner,2,0
2001,DAL,Quincy Carter,8,0
2001,DAL,Ryan Leaf,3,0
2001,DEN,Brian Griese,15,0
2001,DEN,Gus Frerotte,1,0
2001,DET,Charlie Batch,9,0
2001,DET,Mike McMahon,3,0
2001,DET,Ty Detmer,4,0
2001,GB,Brett Favre,18,2
2001,IND,Peyton Manning,16,0
2001,JAX,Jonathan Quinn,1,0
2001,JAX,Mark Brunell,15,0
2001,KC,Trent Green,16,0
2001,LAC,Doug Flutie,16,0
2001,LAR,Kurt Warner,19,3
2001,MIA,Jay Fiedler,17,1
2001,MIN,Daunte Culpepper,11,0
2001,MIN,Spergon Wynn,2,0
2001,MIN,Todd Bouman,3,0
2001,NE,Drew Bledsoe,2,0
2001,NE,Tom Brady,17,3
2001,NO,Aaron Brooks,16,0
2001,NYG,Kerry Collins,16,0
2001,NYJ,Vinny Testaverde,17,1
2001,OAK,Rich Gannon,18,2
2001,PHI,Donovan McNabb,18,3
2001,PHI,Koy Detmer,1,0
2001,PIT,Kordell Stewart,18,2
2001,SEA,Matt Hasselbeck,12,0
2001,SEA,Trent Dilfer,4,0
2001,SF,Jeff Garcia,17,1
2001,TB,Brad Johnson,17,1
2001,TEN,Neil O'Donnell,1,0
2001,TEN,Steve McNair,15,0
2001,WSH,Jeff George,2,0
2001,WSH,Tony Banks,14,0
2002,ARI,Jake Plummer,16,0
2002,ATL,Doug Johnson,1,0
2002,ATL,Michael Vick,17,2
2002,BAL,Chris Redman,6,0
2002,BAL,Jeff Blake,10,0
2002,BUF,Drew Bledsoe,16,0
2002,CAR,Chris Weinke,1,0
2002,CAR,Randy Fasani,1,0
2002,CAR,Rodney Peete,14,0
2002,CHI,Chris Chandler,7,0
2002,CHI,Henry Burris,1,0
2002,CHI,Jim Miller,8,0
2002,CIN,Akili Smith,1,0
2002,CIN,Gus Frerotte,3,0
2002,CIN,Jon Kitna,12,0
2002,CLE,Kelly Holcomb,3,1
2002,CLE,Tim Couch,14,0
2002,DAL,Chad Hutchinson,9,0
2002,DAL,Quincy Carter,7,0
2002,DEN,Brian Griese,13,0
2002,DEN,Steve Beuerlein,3,0
2002,DET,Joey Harrington,12,0
2002,DET,Mike McMahon,4,0
2002,GB,Brett Favre,17,1
2002,HOU,David Carr,16,0
2002,IND,Peyton Manning,17,1
2002,JAX,David Garrard,1,0
2002,JAX,Mark Brunell,15,0
2002,KC,Trent Green,16,0
2002,LAC,Drew Brees,16,0
2002,LAR,Jamie Martin,2,0
2002,LAR,Kurt Warner,6,0
2002,LAR,Marc Bulger,7,0
2002,LAR,Scott Covington,1,0
2002,MIA,Jay Fiedler,10,0
2002,MIA,Ray Lucas,6,0
2002,MIN,Daunte Culpepper,16,0
2002,NE,Tom Brady,16,0
2002,NO,Aaron Brooks,16,0
2002,NYG,Kerry Collins,17,1
2002,NYJ,Chad Pennington,14,2
2002,NYJ,Vinny Testaverde,4,0
2002,OAK,Rich Gannon,19,3
2002,PHI,A.J. Feeley,5,0
2002,PHI,Donovan McNabb,12,2
2002,PHI,Koy Detmer,1,0
2002,PIT,Kordell Stewart,5,0
2002,PIT,Tommy Maddox,13,2
2002,SEA,Matt Hasselbeck,10,0
2002,SEA,Trent Dilfer,6,0
2002,SF,Jeff Garcia,18,2
2002,TB,Brad Johnson,16,3
2002,TB,Rob Johnson,2,0
2002,TB,Shaun King,1,0
2002,TEN,Steve McNair,18,2
2002,WSH,Danny Wuerffel,4,0
2002,WSH,Patrick Ramsey,5,0
2002,WSH,Shane Matthews,7,0
2003,ARI,Jeff Blake,13,0
2003,ARI,Josh McCown,3,0
2003,ATL,Doug Johnson,8,0
2003,ATL,Kurt Kittner,4,0
2003,ATL,Michael Vick,4,0
2003,BAL,Anthony Wright,8,1
2003,BAL,Kyle Boller,9,0
2003,BUF,Drew Bledsoe,16,0
2003,CAR,Jake Delhomme,19,4
2003,CAR,Rodney Peete,1,0
2003,CHI,Chris Chandler,6,0
2003,CHI,Kordell Stewart,7,0
2003,CHI,Rex Grossman,3,0
2003,CIN,Jon Kitna,16,0
2003,CLE,Kelly Holcomb,8,0
2003,CLE,Tim Couch,8,0
2003,DAL,Quincy Carter,17,1
2003,DEN,Danny Kanell,2,0
2003,DEN,Jake Plummer,12,1
2003,DEN,Jarious Jackson,1,0
2003,DEN,Steve Beuerlein,2,0
2003,DET,Joey Harrington,16,0
2003,GB,Brett Favre,18,2
2003,HOU,Dave Ragone,2,0
2003,HOU,David Carr,11,0
2003,HOU,Tony Banks,3,0
2003,IND,Peyton Manning,19,3
2003,JAX,Byron Leftwich,13,0
2003,JAX,Mark Brunell,3,0
2003,KC,Trent Green,17,1
2003,LAC,Doug Flutie,5,0
2003,LAC,Drew Brees,11,0
2003,LAR,Kurt Warner,1,0
2003,LAR,Marc Bulger,16,1
2003,MIA,Brian Griese,5,0
2003,MIA,Jay Fiedler,11,0
2003,MIN,Daunte Culpepper,14,0
2003,MIN,Gus Frerotte,2,0
2003,NE,Tom Brady,19,3
2003,NO,Aaron Brooks,16,0
2003,NYG,Jesse Palmer,3,0
2003,NYG,Kerry Collins,13,0
2003,NYJ,Chad Pennington,9,0
2003,NYJ,Vinny Testaverde,7,0
2003,OAK,Marques Tuiasosopo,1,0
2003,OAK,Rich Gannon,7,0
2003,OAK,Rick Mirer,8,0
2003,PHI,Donovan McNabb,18,2
2003,PIT,Tommy Maddox,16,0
2003,SEA,Matt Hasselbeck,17,1
2003,SF,Jeff Garcia,13,0
2003,SF,Tim Rattay,3,0
2003,TB,Brad Johnson,16,0
2003,TEN,Billy Volek,1,0
2003,TEN,Neil O'Donnell,1,0
2003,TEN,Steve McNair,16,2
2003,WSH,Patrick Ramsey,11,0
2003,WSH,Tim Hasselbeck,5,0
2004,ARI,John Navarre,1,0
2004,ARI,Josh McCown,13,0
2004,ARI,Shaun King,2,0
2004,ATL,Matt Schaub,1,0
2004,ATL,Michael Vick,17,2
2004,BAL,Kyle Boller,16,0
2004,BUF,Drew Bledsoe,16,0
2004,CAR,Jake Delhomme,16,0
2004,CHI,Chad Hutchinson,5,0
2004,CHI,Craig Krenzel,5,0
2004,CHI,Jonathan Quinn,3,0
2004,CHI,Rex Grossman,3,0
2004,CIN,Carson Palmer,13,0
2004,CIN,Jon Kitna,3,0
2004,CLE,Jeff Garcia,10,0
2004,CLE,Kelly Holcomb,2,0
2004,CLE,Luke McCown,4,0
2004,DAL,Drew Henson,1,0
2004,DAL,Vinny Testaverde,15,0
2004,DEN,Jake Plummer,17,1
2004,DET,Joey Harrington,16,0
2004,GB,Brett Favre,17,1
2004,HOU,David Carr,16,0
2004,IND,Peyton Manning,18,2
2004,JAX,Byron Leftwich,14,0
2004,JAX,David Garrard,2,0
2004,KC,Trent Green,16,0
2004,LAC,Doug Flutie,1,0
2004,LAC,Drew Brees,16,1
2004,LAR,Chris Chandler,2,0
2004,LAR,Marc Bulger,16,2
2004,MIA,A.J. Feeley,8,0
2004,MIA,Jay Fiedler,7,0
2004,MIA,Sage Rosenfels,1,0
2004,MIN,Daunte Culpepper,18,2
2004,NE,Tom Brady,19,3
2004,NO,Aaron Brooks,16,0
2004,NYG,Eli Manning,7,0
2004,NYG,Kurt Warner,9,0
2004,NYJ,Chad Pennington,15,2
2004,NYJ,Quincy Carter,3,0
2004,OAK,Kerry Collins,13,0
2004,OAK,Rich Gannon,3,0
2004,PHI,Donovan McNabb,18,3
2004,PHI,Koy Detmer,1,0
2004,PIT,Ben Roethlisberger,15,2
2004,PIT,Tommy Maddox,3,0
2004,SEA,Matt Hasselbeck,15,1
2004,SEA,Trent Dilfer,2,0
2004,SF,Ken Dorsey,7,0
2004,SF,Tim Rattay,9,0
2004,TB,Brad Johnson,4,0
2004,TB,Brian Griese,10,0
2004,TB,Chris Simms,2,0
2004,TEN,Billy Volek,8,0
2004,TEN,Steve McNair,8,0
2004,WSH,Mark Brunell,9,0
2004,WSH,Patrick Ramsey,7,0
2005,ARI,Josh McCown,6,0
2005,ARI,Kurt Warner,10,0
2005,ATL,Matt Schaub,1,0
2005,ATL,Michael Vick,15,0
2005,BAL,Anthony Wright,7,0
2005,BAL,Kyle Boller,9,0
2005,BUF,J.P. Losman,8,0
2005,BUF,Kelly Holcomb,8,0
2005,CAR,Jake Delhomme,19,3
2005,CHI,Kyle Orton,15,0
2005,CHI,Rex Grossman,2,1
2005,CIN,Carson Palmer,17,1
2005,CLE,Charlie Frye,5,0
2005,CLE,Trent Dilfer,11,0
2005,DAL,Drew Bledsoe,16,0
2005,DEN,Jake Plummer,18,2
2005,DET,Jeff Garcia,5,0
2005,DET,Joey Harrington,11,0
2005,GB,Brett Favre,16,0
2005,HOU,David Carr,16,0
2005,IND,Peyton Manning,17,1
2005,JAX,Byron Leftwich,12,1
2005,JAX,David Garrard,5,0
2005,KC,Trent Green,16,0
2005,LAC,Drew Brees,16,0
2005,LAR,Jamie Martin,5,0
2005,LAR,Marc Bulger,8,0
2005,LAR,Ryan Fitzpatrick,3,0
2005,MIA,Gus Frerotte,15,0
2005,MIA,Sage Rosenfels,1,0
2005,MIN,Brad Johnson,9,0
2005,MIN,Daunte Culpepper,7,0
2005,NE,Tom Brady,18,2
2005,NO,Aaron Brooks,13,0
2005,NO,Todd Bouman,3,0
2005,NYG,Eli Manning,17,1
2005,NYJ,Brooks Bollinger,9,0
2005,NYJ,Chad Pennington,3,0
2005,NYJ,Vinny Testaverde,4,0
2005,OAK,Kerry Collins,15,0
2005,OAK,Marques Tuiasosopo,1,0
2005,PHI,Donovan McNabb,9,0
2005,PHI,Mike McMahon,7,0
2005,PIT,Ben Roethlisberger,16,4
2005,PIT,Charlie Batch,2,0
2005,PIT,Tommy Maddox,2,0
2005,SEA,Matt Hasselbeck,19,3
2005,SF,Alex Smith,7,0
2005,SF,Cody Pickett,2,0
2005,SF,Ken Dorsey,3,0
2005,SF,Tim Rattay,4,0
2005,TB,Brian Griese,6,0
2005,TB,Chris Simms,11,1
2005,TEN,Billy Volek,1,0
2005,TEN,Matt Mauck,1,0
2005,TEN,Steve McNair,14,0
2005,WSH,Mark Brunell,17,2
2005,WSH,Patrick Ramsey,1,0
2006,ARI,Kurt Warner,5,0
2006,ARI,Matt Leinart,11,0
2006,ATL,Michael Vick,16,0
2006,BAL,Steve McNair,17,1
2006,BUF,J.P. Losman,16,0
2006,CAR,Chris Weinke,3,0
2006,CAR,Jake Delhomme,13,0
2006,CHI,Rex Grossman,19,3
2006,CIN,Carson Palmer,16,0
2006,CLE,Charlie Frye,13,0
2006,CLE,Derek Anderson,3,0
2006,DAL,Drew Bledsoe,6,0
2006,DAL,Tony Romo,11,1
2006,DEN,Jake Plummer,11,0
2006,DEN,Jay Cutler,5,0
2006,DET,Jon Kitna,16,0
2006,GB,Brett Favre,16,0
2006,HOU,David Carr,16,0
2006,IND,Peyton Manning,20,4
2006,JAX,Byron Leftwich,6,0
2006,JAX,David Garrard,10,0
2006,KC,Damon Huard,8,0
2006,KC,Trent Green,9,1
2006,LAC,Philip Rivers,17,1
2006,LAR,Marc Bulger,16,0
2006,MIA,Cleo Lemon,1,0
2006,MIA,Daunte Culpepper,4,0
2006,MIA,Joey Harrington,11,0
2006,MIN,Brad Johnson,14,0
2006,MIN,Tarvaris Jackson,2,0
2006,NE,Tom Brady,19,3
2006,NO,Drew Brees,18,2
2006,NYG,Eli Manning,17,1
2006,NYJ,Chad Pennington,17,1
2006,OAK,Aaron Brooks,8,0
2006,OAK,Andrew Walter,8,0
2006,PHI,Donovan McNabb,10,0
2006,PHI,Jeff Garcia,8,2
2006,PIT,Ben Roethlisberger,15,0
2006,PIT,Charlie Batch,1,0
2006,SEA,Matt Hasselbeck,14,2
2006,SEA,Seneca Wallace,4,0
2006,SF,Alex Smith,16,0
2006,TB,Bruce Gradkowski,11,0
2006,TB,Chris Simms,3,0
2006,TB,Tim Rattay,2,0
2006,TEN,Kerry Collins,3,0
2006,TEN,Vince Young,13,0
2006,WSH,Jason Campbell,7,0
2006,WSH,Mark Brunell,9,0
2007,ARI,Kurt Warner,11,0
2007,ARI,Matt Leinart,5,0
2007,ATL,Byron Leftwich,2,0
2007,ATL,Chris Redman,4,0
2007,ATL,Joey Harrington,10,0
2007,BAL,Kyle Boller,8,0
2007,BAL,Steve McNair,6,0
2007,BAL,Troy Smith,2,0
2007,BUF,J.P. Losman,7,0
2007,BUF,Trent Edwards,9,0
2007,CAR,David Carr,4,0
2007,CAR,Jake Delhomme,3,0
2007,CAR,Matt Moore,3,0
2007,CAR,Vinny Testaverde,6,0
2007,CHI,Brian Griese,6,0
2007,CHI,Kyle Orton,3,0
2007,CHI,Rex Grossman,7,0
2007,CIN,Carson Palmer,16,0
2007,CLE,Charlie Frye,1,0
2007,CLE,Derek Anderson,15,0
2007,DAL,Tony Romo,17,1
2007,DEN,Jay Cutler,16,0
2007,DET,Jon Kitna,16,0
2007,GB,Brett Favre,18,2
2007,HOU,Matt Schaub,11,0
2007,HOU,Sage Rosenfels,5,0
2007,IND,Peyton Manning,17,1
2007,JAX,David Garrard,14,2
2007,JAX,Quinn Gray,4,0
2007,KC,Brodie Croyle,6,0
2007,KC,Damon Huard,10,0
2007,LAC,Philip Rivers,19,3
2007,LAR,Brock Berlin,1,0
2007,LAR,Gus Frerotte,3,0
2007,LAR,Marc Bulger,12,0
2007,MIA,Cleo Lemon,7,0
2007,MIA,John Beck,4,0
2007,MIA,Trent Green,5,0
2007,MIN,Brooks Bollinger,1,0
2007,MIN,Kelly Holcomb,3,0
2007,MIN,Tarvaris Jackson,12,0
2007,NE,Tom Brady,19,3
2007,NO,Drew Brees,16,0
2007,NYG,Eli Manning,20,4
2007,NYJ,Chad Pennington,8,0
2007,NYJ,Kellen Clemens,8,0
2007,OAK,Daunte Culpepper,6,0
2007,OAK,JaMarcus Russell,1,0
2007,OAK,Josh McCown,9,0
2007,PHI,A.J. Feeley,2,0
2007,PHI,Donovan McNabb,14,0
2007,PIT,Ben Roethlisberger,16,1
2007,PIT,Charlie Batch,1,0
2007,SEA,Matt Hasselbeck,18,2
2007,SF,Alex Smith,7,0
2007,SF,Chris Weinke,1,0
2007,SF,Shaun Hill,2,0
2007,SF,Trent Dilfer,6,0
2007,TB,Jeff Garcia,14,1
2007,TB,Luke McCown,3,0
2007,TEN,Kerry Collins,1,0
2007,TEN,Vince Young,16,1
2007,WSH,Jason Campbell,13,0
2007,WSH,Todd Collins,4,1
2008,ARI,Kurt Warner,20,4
2008,ATL,Matt Ryan,17,1
2008,BAL,Joe Flacco,19,3
2008,BUF,J.P. Losman,2,0
2008,BUF,Trent Edwards,14,0
2008,CAR,Jake Delhomme,17,1
2008,CHI,Kyle Orton,15,0
2008,CHI,Rex Grossman,1,0
2008,CIN,Carson Palmer,4,0
2008,CIN,Ryan Fitzpatrick,12,0
2008,CLE,Brady Quinn,3,0
2008,CLE,Bruce Gradkowski,1,0
2008,CLE,Derek Anderson,9,0
2008,CLE,Ken Dorsey,3,0
2008,DAL,Brad Johnson,3,0
2008,DAL,Tony Romo,13,0
2008,DEN,Jay Cutler,16,0
2008,DET,Dan Orlovsky,7,0
2008,DET,Daunte Culpepper,5,0
2008,DET,Jon Kitna,4,0
2008,GB,Aaron Rodgers,16,0
2008,HOU,Matt Schaub,11,0
2008,HOU,Sage Rosenfels,5,0
2008,IND,Peyton Manning,17,1
2008,JAX,David Garrard,16,0
2008,KC,Brodie Croyle,2,0
2008,KC,Damon Huard,3,0
2008,KC,Tyler Thigpen,11,0
2008,LAC,Philip Rivers,18,2
2008,LAR,Marc Bulger,15,0
2008,LAR,Trent Green,1,0
2008,MIA,Chad Pennington,17,1
2008,MIN,Gus Frerotte,11,0
2008,MIN,Tarvaris Jackson,6,1
2008,NE,Matt Cassel,15,0
2008,NE,Tom Brady,1,0
2008,NO,Drew Brees,16,0
2008,NYG,Eli Manning,17,1
2008,NYJ,Brett Favre,16,0
2008,OAK,Andrew Walter,1,0
2008,OAK,JaMarcus Russell,15,0
2008,PHI,Donovan McNabb,19,3
2008,PIT,Ben Roethlisberger,19,3
2008,SEA,Charlie Frye,1,0
2008,SEA,Matt Hasselbeck,7,0
2008,SEA,Seneca Wallace,8,0
2008,SF,J.T. O'Sullivan,8,0
2008,SF,Shaun Hill,8,0
2008,TB,Brian Griese,5,0
2008,TB,Jeff Garcia,11,0
2008,TEN,Kerry Collins,16,1
2008,TEN,Vince Young,1,0
2008,WSH,Jason Campbell,16,0
2009,ARI,Kurt Warner,17,2
2009,ARI,Matt Leinart,1,0
2009,ATL,Chris Redman,2,0
2009,ATL,Matt Ryan,14,0
2009,BAL,Joe Flacco,18,2
2009,BUF,Brian Brohm,1,0
2009,BUF,Ryan Fitzpatrick,8,0
2009,BUF,Trent Edwards,7,0
2009,CAR,Jake Delhomme,11,0
2009,CAR,Matt Moore,5,0
2009,CHI,Jay Cutler,16,0
2009,CIN,Carson Palmer,17,1
2009,CLE,Brady Quinn,9,0
2009,CLE,Derek Anderson,7,0
2009,DAL,Tony Romo,18,2
2009,DEN,Chris Simms,1,0
2009,DEN,Kyle Orton,15,0
2009,DET,Daunte Culpepper,5,0
2009,DET,Drew Stanton,1,0
2009,DET,Matthew Stafford,10,0
2009,GB,Aaron Rodgers,17,1
2009,HOU,Matt Schaub,16,0
2009,IND,Peyton Manning,19,3
2009,JAX,David Garrard,16,0
2009,KC,Brodie Croyle,1,0
2009,KC,Matt Cassel,15,0
2009,LAC,Philip Rivers,17,1
2009,LAR,Keith Null,4,0
2009,LAR,Kyle Boller,4,0
2009,LAR,Marc Bulger,8,0
2009,MIA,Chad Henne,13,0
2009,MIA,Chad Pennington,3,0
2009,MIN,Brett Favre,18,2
2009,NE,Tom Brady,17,1
2009,NO,Drew Brees,18,3
2009,NO,Mark Brunell,1,0
2009,NYG,Eli Manning,16,0
2009,NYJ,Kellen Clemens,1,0
2009,NYJ,Mark Sanchez,18,3
2009,OAK,Bruce Gradkowski,4,0
2009,OAK,Charlie Frye,3,0
2009,OAK,JaMarcus Russell,9,0
2009,PHI,Donovan McNabb,15,1
2009,PHI,Kevin Kolb,2,0
2009,PIT,Ben Roethlisberger,15,0
2009,PIT,Dennis Dixon,1,0
2009,SEA,Matt Hasselbeck,14,0
2009,SEA,Seneca Wallace,2,0
2009,SF,Alex Smith,10,0
2009,SF,Shaun Hill,6,0
2009,TB,Byron Leftwich,3,0
2009,TB,Josh Freeman,9,0
2009,TB,Josh Johnson,4,0
2009,TEN,Kerry Collins,6,0
2009,TEN,Vince Young,10,0
2009,WSH,Jason Campbell,16,0
2010,ARI,Derek Anderson,9,0
2010,ARI,John Skelton,4,0
2010,ARI,Max Hall,3,0
2010,ATL,Matt Ryan,17,1
2010,BAL,Joe Flacco,18,2
2010,BUF,Brian Brohm,1,0
2010,BUF,Ryan Fitzpatrick,13,0
2010,BUF,Trent Edwards,2,0
2010,CAR,Brian St. Pierre,1,0
2010,CAR,Jimmy Clausen,10,0
2010,CAR,Matt Moore,5,0
2010,CHI,Jay Cutler,17,2
2010,CHI,Todd Collins,1,0
2010,CIN,Carson Palmer,16,0
2010,CLE,Colt McCoy,8,0
2010,CLE,Jake Delhomme,4,0
2010,CLE,Seneca Wallace,4,0
2010,DAL,Jon Kitna,9,0
2010,DAL,Stephen McGee,1,0
2010,DAL,Tony Romo,6,0
2010,DEN,Kyle Orton,13,0
2010,DEN,Tim Tebow,3,0
2010,DET,Drew Stanton,3,0
2010,DET,Matthew Stafford,3,0
2010,DET,Shaun Hill,10,0
2010,GB,Aaron Rodgers,19,4
2010,GB,Matt Flynn,1,0
2010,HOU,Matt Schaub,16,0
2010,IND,Peyton Manning,17,1
2010,JAX,David Garrard,14,0
2010,JAX,Todd Bouman,1,0
2010,JAX,Trent Edwards,1,0
2010,KC,Brodie Croyle,1,0
2010,KC,Matt Cassel,16,1
2010,LAC,Philip Rivers,16,0
2010,LAR,Sam Bradford,16,0
2010,MIA,Chad Henne,14,0
2010,MIA,Chad Pennington,1,0
2010,MIA,Tyler Thigpen,1,0
2010,MIN,Brett Favre,13,0
2010,MIN,Joe Webb,2,0
2010,MIN,Tarvaris Jackson,1,0
2010,NE,Tom Brady,17,1
2010,NO,Drew Brees,17,1
2010,NYG,Eli Manning,16,0
2010,NYJ,Mark Brunell,1,0
2010,NYJ,Mark Sanchez,18,3
2010,OAK,Bruce Gradkowski,4,0
2010,OAK,Jason Campbell,12,0
2010,PHI,Kevin Kolb,5,0
2010,PHI,Michael Vick,12,1
2010,PIT,Ben Roethlisberger,15,3
2010,PIT,Charlie Batch,2,0
2010,PIT,Dennis Dixon,2,0
2010,SEA,Charlie Whitehurst,2,0
2010,SEA,Matt Hasselbeck,16,2
2010,SF,Alex Smith,10,0
2010,SF,Troy Smith,6,0
2010,TB,Josh Freeman,16,0
2010,TEN,Kerry Collins,7,0
2010,TEN,Rusty Smith,1,0
2010,TEN,Vince Young,8,0
2010,WSH,Donovan McNabb,13,0
2010,WSH,Rex Grossman,3,0
2011,ARI,John Skelton,7,0
2011,ARI,Kevin Kolb,9,0
2011,ATL,Matt Ryan,17,1
2011,BAL,Joe Flacco,18,2
2011,BUF,Ryan Fitzpatrick,16,0
2011,CAR,Cam Newton,16,0
2011,CHI,Caleb Hanie,4,0
2011,CHI,Jay Cutler,10,0
2011,CHI,Josh McCown,2,0
2011,CIN,Andy Dalton,17,1
2011,CLE,Colt McCoy,13,0
2011,CLE,Seneca Wallace,3,0
2011,DAL,Tony Romo,16,0
2011,DEN,Kyle Orton,5,0
2011,DEN,Tim Tebow,13,2
2011,DET,Matthew Stafford,17,1
2011,GB,Aaron Rodgers,16,1
2011,GB,Matt Flynn,1,0
2011,HOU,Matt Leinart,1,0
2011,HOU,Matt Schaub,10,0
2011,HOU,T.J. Yates,7,2
2011,IND,Curtis Painter,8,0
2011,IND,Dan Orlovsky,5,0
2011,IND,Kerry Collins,3,0
2011,JAX,Blaine Gabbert,14,0
2011,JAX,Luke McCown,2,0
2011,KC,Kyle Orton,3,0
2011,KC,Matt Cassel,9,0
2011,KC,Tyler Palko,4,0
2011,LAC,Philip Rivers,16,0
2011,LAR,A.J. Feeley,3,0
2011,LAR,Kellen Clemens,3,0
2011,LAR,Sam Bradford,10,0
2011,MIA,Chad Henne,4,0
2011,MIA,Matt Moore,12,0
2011,MIN,Christian Ponder,10,0
2011,MIN,Donovan McNabb,6,0
2011,NE,Tom Brady,19,3
2011,NO,Drew Brees,18,2
2011,NYG,Eli Manning,20,4
2011,NYJ,Mark Sanchez,16,0
2011,OAK,Carson Palmer,9,0
2011,OAK,Jason Campbell,6,0
2011,OAK,Kyle Boller,1,0
2011,PHI,Michael Vick,13,0
2011,PHI,Vince Young,3,0
2011,PIT,Ben Roethlisberger,16,1
2011,PIT,Charlie Batch,1,0
2011,SEA,Charlie Whitehurst,2,0
2011,SEA,Tarvaris Jackson,14,0
2011,SF,Alex Smith,18,2
2011,TB,Josh Freeman,15,0
2011,TB,Josh Johnson,1,0
2011,TEN,Matt Hasselbeck,16,0
2011,WSH,John Beck,3,0
2011,WSH,Rex Grossman,13,0
2012,ARI,Brian Hoyer,1,0
2012,ARI,John Skelton,6,0
2012,ARI,Kevin Kolb,5,0
2012,ARI,Ryan Lindley,4,0
2012,ATL,Matt Ryan,18,2
2012,BAL,Joe Flacco,20,4
2012,BUF,Ryan Fitzpatrick,16,0
2012,CAR,Cam Newton,16,0
2012,CHI,Jason Campbell,1,0
2012,CHI,Jay Cutler,15,0
2012,CIN,Andy Dalton,17,1
2012,CLE,Brandon Weeden,15,0
2012,CLE,Thaddeus Lewis,1,0
2012,DAL,Tony Romo,16,0
2012,DEN,Peyton Manning,17,1
2012,DET,Matthew Stafford,16,0
2012,GB,Aaron Rodgers,18,2
2012,HOU,Matt Schaub,18,2
2012,IND,Andrew Luck,17,1
2012,JAX,Blaine Gabbert,10,0
2012,JAX,Chad Henne,6,0
2012,KC,Brady Quinn,8,0
2012,KC,Matt Cassel,8,0
2012,LAC,Philip Rivers,16,0
2012,LAR,Sam Bradford,16,0
2012,MIA,Ryan Tannehill,16,0
2012,MIN,Christian Ponder,16,0
2012,MIN,Joe Webb,1,1
2012,NE,Tom Brady,18,2
2012,NO,Drew Brees,16,0
2012,NYG,Eli Manning,16,0
2012,NYJ,Greg McElroy,1,0
2012,NYJ,Mark Sanchez,15,0
2012,OAK,Carson Palmer,15,0
2012,OAK,Terrelle Pryor,1,0
2012,PHI,Michael Vick,10,0
2012,PHI,Nick Foles,6,0
2012,PIT,Ben Roethlisberger,13,0
2012,PIT,Byron Leftwich,1,0
2012,PIT,Charlie Batch,2,0
2012,SEA,Russell Wilson,18,2
2012,SF,Alex Smith,9,0
2012,SF,Colin Kaepernick,10,3
2012,TB,Josh Freeman,16,0
2012,TEN,Jake Locker,11,0
2012,TEN,Matt Hasselbeck,5,0
2012,WSH,Kirk Cousins,1,0
2012,WSH,Robert Griffin,16,1
2013,ARI,Carson Palmer,16,0
2013,ATL,Matt Ryan,16,0
2013,BAL,Joe Flacco,16,0
2013,BUF,EJ Manuel,10,0
2013,BUF,Jeff Tuel,1,0
2013,BUF,Thaddeus Lewis,5,0
2013,CAR,Cam Newton,17,1
2013,CHI,Jay Cutler,11,0
2013,CHI,Josh McCown,5,0
2013,CIN,Andy Dalton,17,1
2013,CLE,Brandon Weeden,5,0
2013,CLE,Brian Hoyer,3,0
2013,CLE,Jason Campbell,8,0
2013,DAL,Kyle Orton,1,0
2013,DAL,Tony Romo,15,0
2013,DEN,Peyton Manning,19,3
2013,DET,Matthew Stafford,16,0
2013,GB,Aaron Rodgers,10,1
2013,GB,Matt Flynn,4,0
2013,GB,Scott Tolzien,2,0
2013,GB,Seneca Wallace,1,0
2013,HOU,Case Keenum,8,0
2013,HOU,Matt Schaub,8,0
2013,IND,Andrew Luck,18,2
2013,JAX,Blaine Gabbert,3,0
2013,JAX,Chad Henne,13,0
2013,KC,Alex Smith,16,1
2013,KC,Chase Daniel,1,0
2013,LAC,Philip Rivers,18,2
2013,LAR,Kellen Clemens,9,0
2013,LAR,Sam Bradford,7,0
2013,MIA,Ryan Tannehill,16,0
2013,MIN,Christian Ponder,9,0
2013,MIN,Josh Freeman,1,0
2013,MIN,Matt Cassel,6,0
2013,NE,Tom Brady,18,2
2013,NO,Drew Brees,18,2
2013,NYG,Eli Manning,16,0
2013,NYJ,Geno Smith,16,0
2013,OAK,Matt Flynn,1,0
2013,OAK,Matt McGloin,6,0
2013,OAK,Terrelle Pryor,9,0
2013,PHI,Michael Vick,6,0
2013,PHI,Nick Foles,11,1
2013,PIT,Ben Roethlisberger,16,0
2013,SEA,Russell Wilson,19,3
2013,SF,Colin Kaepernick,19,3
2013,TB,Josh Freeman,3,0
2013,TB,Mike Glennon,13,0
2013,TEN,Jake Locker,7,0
2013,TEN,Ryan Fitzpatrick,9,0
2013,WSH,Kirk Cousins,3,0
2013,WSH,Robert Griffin,13,0
2014,ARI,Carson Palmer,6,0
2014,ARI,Drew Stanton,8,0
2014,ARI,Ryan Lindley,3,1
2014,ATL,Matt Ryan,16,0
2014,BAL,Joe Flacco,18,2
2014,BUF,EJ Manuel,4,0
2014,BUF,Kyle Orton,12,0
2014,CAR,Cam Newton,16,2
2014,CAR,Derek Anderson,2,0
2014,CHI,Jay Cutler,15,0
2014,CHI,Jimmy Clausen,1,0
2014,CIN,Andy Dalton,17,1
2014,CLE,Brian Hoyer,13,0
2014,CLE,Connor Shaw,1,0
2014,CLE,Johnny Manziel,2,0
2014,DAL,Brandon Weeden,1,0
2014,DAL,Tony Romo,17,2
2014,DEN,Peyton Manning,17,1
2014,DET,Matthew Stafford,17,1
2014,GB,Aaron Rodgers,18,2
2014,HOU,Case Keenum,2,0
2014,HOU,Ryan Fitzpatrick,12,0
2014,HOU,Ryan Mallett,2,0
2014,IND,Andrew Luck,19,3
2014,JAX,Blake Bortles,13,0
2014,JAX,Chad Henne,3,0
2014,KC,Alex Smith,15,0
2014,KC,Chase Daniel,1,0
2014,LAC,Philip Rivers,16,0
2014,LAR,Austin Davis,8,0
2014,LAR,Shaun Hill,8,0
2014,MIA,Ryan Tannehill,16,0
2014,MIN,Christian Ponder,1,0
2014,MIN,Matt Cassel,3,0
2014,MIN,Teddy Bridgewater,12,0
2014,NE,Tom Brady,19,3
2014,NO,Drew Brees,16,0
2014,NYG,Eli Manning,16,0
2014,NYJ,Geno Smith,13,0
2014,NYJ,Michael Vick,3,0
2014,OAK,Derek Carr,16,0
2014,PHI,Mark Sanchez,8,0
2014,PHI,Nick Foles,8,0
2014,PIT,Ben Roethlisberger,17,1
2014,SEA,Russell Wilson,19,3
2014,SF,Colin Kaepernick,16,0
2014,TB,Josh McCown,11,0
2014,TB,Mike Glennon,5,0
2014,TEN,Charlie Whitehurst,5,0
2014,TEN,Jake Locker,5,0
2014,TEN,Zach Mettenberger,6,0
2014,WSH,Colt McCoy,4,0
2014,WSH,Kirk Cousins,5,0
2014,WSH,Robert Griffin,7,0
2015,ARI,Carson Palmer,18,2
2015,ATL,Matt Ryan,16,0
2015,BAL,Jimmy Clausen,2,0
2015,BAL,Joe Flacco,10,0
2015,BAL,Matt Schaub,2,0
2015,BAL,Ryan Mallett,2,0
2015,BUF,EJ Manuel,2,0
2015,BUF,Matt Cassel,1,0
2015,BUF,Tyrod Taylor,13,0
2015,CAR,Cam Newton,19,3
2015,CHI,Jay Cutler,15,0
2015,CHI,Jimmy Clausen,1,0
2015,CIN,A.J. McCarron,4,1
2015,CIN,Andy Dalton,13,0
2015,CLE,Austin Davis,2,0
2015,CLE,Johnny Manziel,6,0
2015,CLE,Josh McCown,8,0
2015,DAL,Brandon Weeden,3,0
2015,DAL,Kellen Moore,2,0
2015,DAL,Matt Cassel,7,0
2015,DAL,Tony Romo,4,0
2015,DEN,Brock Osweiler,7,0
2015,DEN,Peyton Manning,12,3
2015,DET,Matthew Stafford,16,0
2015,GB,Aaron Rodgers,18,2
2015,HOU,Brandon Weeden,1,0
2015,HOU,Brian Hoyer,10,1
2015,HOU,Ryan Mallett,4,0
2015,HOU,T.J. Yates,2,0
2015,IND,Andrew Luck,7,0
2015,IND,Josh Freeman,1,0
2015,IND,Matt Hasselbeck,8,0
2015,JAX,Blake Bortles,16,0
2015,KC,Alex Smith,18,2
2015,LAC,Philip Rivers,16,0
2015,LAR,Case Keenum,5,0
2015,LAR,Nick Foles,11,0
2015,MIA,Ryan Tannehill,16,0
2015,MIN,Teddy Bridgewater,17,1
2015,NE,Tom Brady,18,2
2015,NO,Drew Brees,15,0
2015,NO,Luke McCown,1,0
2015,NYG,Eli Manning,16,0
2015,NYJ,Ryan Fitzpatrick,16,0
2015,OAK,Derek Carr,16,0
2015,PHI,Mark Sanchez,2,0
2015,PHI,Sam Bradford,14,0
2015,PIT,Ben Roethlisberger,13,2
2015,PIT,Landry Jones,2,0
2015,PIT,Michael Vick,3,0
2015,SEA,Russell Wilson,18,2
2015,SF,Blaine Gabbert,8,0
2015,SF,Colin Kaepernick,8,0
2015,TB,Jameis Winston,16,0
2015,TEN,Marcus Mariota,12,0
2015,TEN,Zach Mettenberger,4,0
2015,WSH,Kirk Cousins,17,1
2016,ARI,Carson Palmer,15,0
2016,ARI,Drew Stanton,1,0
2016,ATL,Matt Ryan,19,3
2016,BAL,Joe Flacco,16,0
2016,BUF,EJ Manuel,1,0
2016,BUF,Tyrod Taylor,15,0
2016,CAR,Cam Newton,14,0
2016,CAR,Derek Anderson,2,0
2016,CHI,Brian Hoyer,5,0
2016,CHI,Jay Cutler,5,0
2016,CHI,Matt Barkley,6,0
2016,CIN,Andy Dalton,16,0
2016,CLE,Cody Kessler,8,0
2016,CLE,Josh McCown,3,0
2016,CLE,Robert Griffin,5,0
2016,DAL,Dak Prescott,17,1
2016,DEN,Paxton Lynch,2,0
2016,DEN,Trevor Siemian,14,0
2016,DET,Matthew Stafford,17,1
2016,GB,Aaron Rodgers,19,3
2016,HOU,Brock Osweiler,16,2
2016,HOU,Tom Savage,2,0
2016,IND,Andrew Luck,15,0
2016,IND,Scott Tolzien,1,0
2016,JAX,Blake Bortles,16,0
2016,KC,Alex Smith,16,1
2016,KC,Nick Foles,1,0
2016,LAC,Philip Rivers,16,0
2016,LAR,Case Keenum,9,0
2016,LAR,Jared Goff,7,0
2016,MIA,Matt Moore,4,1
2016,MIA,Ryan Tannehill,13,0
2016,MIN,Sam Bradford,15,0
2016,MIN,Shaun Hill,1,0
2016,NE,Jacoby Brissett,2,0
2016,NE,Jimmy Garoppolo,2,0
2016,NE,Tom Brady,15,3
2016,NO,Drew Brees,16,0
2016,NYG,Eli Manning,17,1
2016,NYJ,Bryce Petty,4,0
2016,NYJ,Geno Smith,1,0
2016,NYJ,Ryan Fitzpatrick,11,0
2016,OAK,Connor Cook,1,1
2016,OAK,Derek Carr,15,0
2016,OAK,Matt McGloin,1,0
2016,PHI,Carson Wentz,16,0
2016,PIT,Ben Roethlisberger,17,3
2016,PIT,Landry Jones,2,0
2016,SEA,Russell Wilson,18,2
2016,SF,Blaine Gabbert,5,0
2016,SF,Colin Kaepernick,11,0
2016,TB,Jameis Winston,16,0
2016,TEN,Marcus Mariota,15,0
2016,TEN,Matt Cassel,1,0
2016,WSH,Kirk Cousins,16,0
2017,ARI,Blaine Gabbert,5,0
2017,ARI,Carson Palmer,7,0
2017,ARI,Drew Stanton,4,0
2017,ATL,Matt Ryan,18,2
2017,BAL,Joe Flacco,16,0
2017,BUF,Nathan Peterman,2,0
2017,BUF,Tyrod Taylor,15,1
2017,CAR,Cam Newton,17,1
2017,CHI,Mike Glennon,4,0
2017,CHI,Mitchell Trubisky,12,0
2017,CIN,Andy Dalton,16,0
2017,CLE,DeShone Kizer,15,0
2017,CLE,Kevin Hogan,1,0
2017,DAL,Dak Prescott,16,0
2017,DEN,Brock Osweiler,4,0
2017,DEN,Paxton Lynch,2,0
2017,DEN,Trevor Siemian,10,0
2017,DET,Matthew Stafford,16,0
2017,GB,Aaron Rodgers,7,0
2017,GB,Brett Hundley,9,0
2017,HOU,Deshaun Watson,6,0
2017,HOU,T.J. Yates,3,0
2017,HOU,Tom Savage,7,0
2017,IND,Jacoby Brissett,15,0
2017,IND,Scott Tolzien,1,0
2017,JAX,Blake Bortles,19,3
2017,KC,Alex Smith,16,1
2017,KC,Patrick Mahomes,1,0
2017,LAC,Philip Rivers,16,0
2017,LAR,Jared Goff,16,1
2017,LAR,Sean Mannion,1,0
2017,MIA,Jay Cutler,14,0
2017,MIA,Matt Moore,2,0
2017,MIN,Case Keenum,16,2
2017,MIN,Sam Bradford,2,0
2017,NE,Tom Brady,19,3
2017,NO,Drew Brees,18,2
2017,NYG,Eli Manning,15,0
2017,NYG,Geno Smith,1,0
2017,NYJ,Bryce Petty,3,0
2017,NYJ,Josh McCown,13,0
2017,OAK,Derek Carr,15,0
2017,OAK,EJ Manuel,1,0
2017,PHI,Carson Wentz,13,0
2017,PHI,Nick Foles,6,3
2017,PIT,Ben Roethlisberger,16,1
2017,PIT,Landry Jones,1,0
2017,SEA,Russell Wilson,16,0
2017,SF,Brian Hoyer,6,0
2017,SF,C.J. Beathard,5,0
2017,SF,Jimmy Garoppolo,5,0
2017,TB,Jameis Winston,13,0
2017,TB,Ryan Fitzpatrick,3,0
2017,TEN,Marcus Mariota,17,2
2017,TEN,Matt Cassel,1,0
2017,WSH,Kirk Cousins,16,0
2018,ARI,Josh Rosen,13,0
2018,ARI,Sam Bradford,3,0
2018,ATL,Matt Ryan,16,0
2018,BAL,Joe Flacco,9,0
2018,BAL,Lamar Jackson,8,1
2018,BUF,Derek Anderson,2,0
2018,BUF,Josh Allen,11,0
2018,BUF,Matt Barkley,1,0
2018,BUF,Nathan Peterman,2,0
2018,CAR,Cam Newton,14,0
2018,CAR,Kyle Allen,1,0
2018,CAR,Taylor Heinicke,1,0
2018,CHI,Chase Daniel,2,0
2018,CHI,Mitchell Trubisky,15,1
2018,CIN,Andy Dalton,11,0
2018,CIN,Jeff Driskel,5,0
2018,CLE,Baker Mayfield,13,0
2018,CLE,Tyrod Taylor,3,0
2018,DAL,Dak Prescott,18,2
2018,DEN,Case Keenum,16,0
2018,DET,Matthew Stafford,16,0
2018,GB,Aaron Rodgers,16,0
2018,HOU,Deshaun Watson,17,1
2018,IND,Andrew Luck,18,2
2018,JAX,Blake Bortles,12,0
2018,JAX,Cody Kessler,4,0
2018,KC,Patrick Mahomes,18,2
2018,LAC,Philip Rivers,18,2
2018,LAR,Jared Goff,19,3
2018,MIA,Brock Osweiler,5,0
2018,MIA,Ryan Tannehill,11,0
2018,MIN,Kirk Cousins,16,0
2018,NE,Tom Brady,19,3
2018,NO,Drew Brees,17,2
2018,NO,Teddy Bridgewater,1,0
2018,NYG,Eli Manning,16,0
2018,NYJ,Josh McCown,3,0
2018,NYJ,Sam Darnold,13,0
2018,OAK,Derek Carr,16,0
2018,PHI,Carson Wentz,11,0
2018,PHI,Nick Foles,7,2
2018,PIT,Ben Roethlisberger,16,0
2018,SEA,Russell Wilson,17,1
2018,SF,C.J. Beathard,5,0
2018,SF,Jimmy Garoppolo,3,0
2018,SF,Nick Mullens,8,0
2018,TB,Jameis Winston,9,0
2018,TB,Ryan Fitzpatrick,7,0
2018,TEN,Blaine Gabbert,3,0
2018,TEN,Marcus Mariota,13,0
2018,WSH,Alex Smith,10,0
2018,WSH,Colt McCoy,2,0
2018,WSH,Josh Johnson,3,0
2018,WSH,Mark Sanchez,1,0
2019,ARI,Kyler Murray,16,0
2019,ATL,Matt Ryan,15,0
2019,ATL,Matt Schaub,1,0
2019,BAL,Lamar Jackson,16,1
2019,BAL,Trace McSorley,1,0
2019,BUF,Josh Allen,17,1
2019,CAR,Cam Newton,2,0
2019,CAR,Kyle Allen,12,0
2019,CAR,Will Grier,2,0
2019,CHI,Chase Daniel,1,0
2019,CHI,Mitchell Trubisky,15,0
2019,CIN,Andy Dalton,13,0
2019,CIN,Ryan Finley,3,0
2019,CLE,Baker Mayfield,16,0
2019,DAL,Dak Prescott,16,0
2019,DEN,Brandon Allen,3,0
2019,DEN,Drew Lock,5,0
2019,DEN,Joe Flacco,8,0
2019,DET,David Blough,5,0
2019,DET,Jeff Driskel,3,0
2019,DET,Matthew Stafford,8,0
2019,GB,Aaron Rodgers,18,2
2019,HOU,AJ McCarron,1,0
2019,HOU,Deshaun Watson,17,2
2019,IND,Brian Hoyer,1,0
2019,IND,Jacoby Brissett,15,0
2019,JAX,Gardner Minshew,12,0
2019,JAX,Nick Foles,4,0
2019,KC,Matt Moore,2,0
2019,KC,Patrick Mahomes,17,3
2019,LAC,Philip Rivers,16,0
2019,LAR,Jared Goff,16,0
2019,MIA,Josh Rosen,3,0
2019,MIA,Ryan Fitzpatrick,13,0
2019,MIN,Kirk Cousins,17,2
2019,MIN,Sean Mannion,1,0
2019,NE,Tom Brady,17,1
2019,NO,Drew Brees,12,1
2019,NO,Teddy Bridgewater,5,0
2019,NYG,Daniel Jones,12,0
2019,NYG,Eli Manning,4,0
2019,NYJ,Luke Falk,2,0
2019,NYJ,Sam Darnold,13,0
2019,NYJ,Trevor Siemian,1,0
2019,OAK,Derek Carr,16,0
2019,PHI,Carson Wentz,17,1
2019,PIT,Ben Roethlisberger,2,0
2019,PIT,Devlin Hodges,6,0
2019,PIT,Mason Rudolph,8,0
2019,SEA,Russell Wilson,18,2
2019,SF,Jimmy Garoppolo,19,3
2019,TB,Jameis Winston,16,0
2019,TEN,Marcus Mariota,6,0
2019,TEN,Ryan Tannehill,13,3
2019,WSH,Case Keenum,8,0
2019,WSH,Colt McCoy,1,0
2019,WSH,Dwayne Haskins,7,0
2020,ARI,Kyler Murray,16,0
2020,ATL,Matt Ryan,16,0
2020,BAL,Lamar Jackson,17,2
2020,BAL,Robert Griffin III,1,0
2020,BUF,Josh Allen,19,3
2020,CAR,P.J. Walker,1,0
2020,CAR,Teddy Bridgewater,15,0
2020,CHI,Mitchell Trubisky,10,1
2020,CHI,Nick Foles,7,0
2020,CIN,Brandon Allen,5,0
2020,CIN,Joe Burrow,10,0
2020,CIN,Ryan Finley,1,0
2020,CLE,Baker Mayfield,18,2
2020,DAL,Andy Dalton,9,0
2020,DAL,Ben DiNucci,1,0
2020,DAL,Dak Prescott,5,0
2020,DAL,Garrett Gilbert,1,0
2020,DEN,Brett Rypien,1,0
2020,DEN,Drew Lock,13,0
2020,DEN,Jeff Driskel,1,0
2020,DEN,Kendall Hinton,1,0
2020,DET,Matthew Stafford,16,0
2020,GB,Aaron Rodgers,18,2
2020,HOU,Deshaun Watson,16,0
2020,IND,Philip Rivers,17,1
2020,JAX,Gardner Minshew,8,0
2020,JAX,Jake Luton,3,0
2020,JAX,Mike Glennon,5,0
2020,KC,Chad Henne,1,0
2020,KC,Patrick Mahomes,18,3
2020,LAC,Justin Herbert,15,0
2020,LAC,Tyrod Taylor,1,0
2020,LAR,Jared Goff,16,1
2020,LAR,John Wolford,2,1
2020,MIA,Ryan Fitzpatrick,7,0
2020,MIA,Tua Tagovailoa,9,0
2020,MIN,Kirk Cousins,16,0
2020,NE,Brian Hoyer,1,0
2020,NE,Cam Newton,15,0
2020,NO,Drew Brees,14,2
2020,NO,Taysom Hill,4,0
2020,NYG,Colt McCoy,2,0
2020,NYG,Daniel Jones,14,0
2020,NYJ,Joe Flacco,4,0
2020,NYJ,Sam Darnold,12,0
2020,OAK,Derek Carr,16,0
2020,PHI,Carson Wentz,12,0
2020,PHI,Jalen Hurts,4,0
2020,PIT,Ben Roethlisberger,16,1
2020,PIT,Mason Rudolph,1,0
2020,SEA,Russell Wilson,17,1
2020,SF,C.J. Beathard,2,0
2020,SF,Jimmy Garoppolo,6,0
2020,SF,Nick Mullens,8,0
2020,TB,Tom Brady,20,4
2020,TEN,Ryan Tannehill,17,1
2020,WSH,Alex Smith,6,0
2020,WSH,Dwayne Haskins,6,0
2020,WSH,Kyle Allen,4,0
2020,WSH,Taylor Heinicke,1,1
2021,ARI,Colt McCoy,3,0
2021,ARI,Kyler Murray,14,0
2021,ATL,Matt Ryan,17,0
2021,BAL,Lamar Jackson,16,0
2021,BAL,Tyler Huntley,1,0
2021,BUF,Josh Allen,17,0
2021,CAR,Cam Newton,7,0
2021,CAR,P.J. Walker,1,0
2021,CAR,Sam Darnold,9,0
2021,CHI,Andy Dalton,4,0
2021,CHI,Justin Fields,13,0
2021,CIN,Joe Burrow,17,0
2021,CLE,Baker Mayfield,16,0
2021,CLE,Case Keenum,1,0
2021,DAL,Cooper Rush,1,0
2021,DAL,Dak Prescott,16,0
2021,DEN,Teddy Bridgewater,17,0
2021,DET,Jared Goff,16,0
2021,DET,Tim Boyle,1,0
2021,GB,Aaron Rodgers,16,0
2021,GB,Jordan Love,1,0
2021,HOU,Davis Mills,11,0
2021,HOU,Tyrod Taylor,6,0
2021,IND,Carson Wentz,17,0
2021,JAX,Trevor Lawrence,17,0
2021,KC,Patrick Mahomes,17,0
2021,LAC,Justin Herbert,17,0
2021,LAR,Matthew Stafford,17,0
2021,MIA,Jacoby Brissett,5,0
2021,MIA,Tua Tagovailoa,12,0
2021,MIN,Kirk Cousins,17,0
2021,NE,Mac Jones,17,0
2021,NO,Jameis Winston,7,0
2021,NO,Taysom Hill,6,0
2021,NO,Trevor Siemian,4,0
2021,NYG,Daniel Jones,15,0
2021,NYG,Mike Glennon,2,0
2021,NYJ,Joe Flacco,1,0
2021,NYJ,Mike White,3,0
2021,NYJ,Zach Wilson,13,0
2021,OAK,Derek Carr,17,0
2021,PHI,Gardner Minshew,1,0
2021,PHI,Jalen Hurts,16,0
2021,PIT,Ben Roethlisberger,16,0
2021,PIT,Mason Rudolph,1,0
2021,SEA,Geno Smith,3,0
2021,SEA,Russell Wilson,14,0
2021,SF,Jimmy Garoppolo,16,0
2021,SF,Trey Lance,1,0
2021,TB,Tom Brady,17,0
2021,TEN,Ryan Tannehill,17,0
2021,WSH,Ryan Fitzpatrick,1,0
2021,WSH,Taylor Heinicke,16,0
